ZONA;SEÇÃO;LOCAL;ENDEREÇO;BAIRRO;ELEITORES
1;148;ADAPI - AGÊNCIA DE DEFESA AGROPECUÁRIA DO PIAUÍ;RUA DEZENOVE DE NOVEMBRO,1920 PRIMAVERA;MEMORARE;269
1;149;ADAPI - AGÊNCIA DE DEFESA AGROPECUÁRIA DO PIAUÍ;RUA DEZENOVE DE NOVEMBRO,1920 PRIMAVERA;MEMORARE;274
1;150;ADAPI - AGÊNCIA DE DEFESA AGROPECUÁRIA DO PIAUÍ;RUA DEZENOVE DE NOVEMBRO,1920 PRIMAVERA;MEMORARE;267
1;400;ADAPI - AGÊNCIA DE DEFESA AGROPECUÁRIA DO PIAUÍ;RUA DEZENOVE DE NOVEMBRO,1920 PRIMAVERA;MEMORARE;271
1;514;ADAPI - AGÊNCIA DE DEFESA AGROPECUÁRIA DO PIAUÍ;RUA DEZENOVE DE NOVEMBRO,1920 PRIMAVERA;MEMORARE;61
1;469;AEROPORTO DE TERESINA;AV CENTENÁRIO, S/N;AEROPORTO;0
1;546;AEROPORTO DE TERESINA;AV CENTENÁRIO, S/N;AEROPORTO;0
1;185;CCL - CENTRO CULTURAL DE LINGUAS PADRE RAIMUNDO JOSÉ;RUA PRIMEIRO DE MAIO, 2371;AEROPORTO;265
1;186;CCL - CENTRO CULTURAL DE LINGUAS PADRE RAIMUNDO JOSÉ;RUA PRIMEIRO DE MAIO, 2371;AEROPORTO;264
1;187;CCL - CENTRO CULTURAL DE LINGUAS PADRE RAIMUNDO JOSÉ;RUA PRIMEIRO DE MAIO, 2371;AEROPORTO;266
1;188;CCL - CENTRO CULTURAL DE LINGUAS PADRE RAIMUNDO JOSÉ;RUA PRIMEIRO DE MAIO, 2371;AEROPORTO;264
1;288;CCL - CENTRO CULTURAL DE LINGUAS PADRE RAIMUNDO JOSÉ;RUA PRIMEIRO DE MAIO, 2371;AEROPORTO;263
1;307;CCL - CENTRO CULTURAL DE LINGUAS PADRE RAIMUNDO JOSÉ;RUA PRIMEIRO DE MAIO, 2371;AEROPORTO;264
1;508;CCL - CENTRO CULTURAL DE LINGUAS PADRE RAIMUNDO JOSÉ;RUA PRIMEIRO DE MAIO, 2371;AEROPORTO;267
1;57;CEMEI HELENA MARIA DE RODRIGUES CARVALHO;RUA JOSÉ MARQUES DA ROCHA 2361;AEROPORTO;388
1;58;CEMEI HELENA MARIA DE RODRIGUES CARVALHO;RUA JOSÉ MARQUES DA ROCHA 2361;AEROPORTO;390
1;59;CEMEI HELENA MARIA DE RODRIGUES CARVALHO;RUA JOSÉ MARQUES DA ROCHA 2361;AEROPORTO;386
1;455;CENTRO ESTADUAL DE EDUCAÇÃO PROFISSIONAL  CORINA MACHADO VIEIRA;RESIDENCIAL JACINTA ANDRADE, ÁREA INSTITUCIONAL  N. 1;SANTA ROSA;393
1;466;CENTRO ESTADUAL DE EDUCAÇÃO PROFISSIONAL  CORINA MACHADO VIEIRA;RESIDENCIAL JACINTA ANDRADE, ÁREA INSTITUCIONAL  N. 1;SANTA ROSA;386
1;470;CENTRO ESTADUAL DE EDUCAÇÃO PROFISSIONAL  CORINA MACHADO VIEIRA;RESIDENCIAL JACINTA ANDRADE, ÁREA INSTITUCIONAL  N. 1;SANTA ROSA;391
1;495;CENTRO ESTADUAL DE EDUCAÇÃO PROFISSIONAL  CORINA MACHADO VIEIRA;RESIDENCIAL JACINTA ANDRADE, ÁREA INSTITUCIONAL  N. 1;SANTA ROSA;394
1;504;CENTRO ESTADUAL DE EDUCAÇÃO PROFISSIONAL  CORINA MACHADO VIEIRA;RESIDENCIAL JACINTA ANDRADE, ÁREA INSTITUCIONAL  N. 1;SANTA ROSA;392
1;539;CENTRO ESTADUAL DE EDUCAÇÃO PROFISSIONAL  CORINA MACHADO VIEIRA;RESIDENCIAL JACINTA ANDRADE, ÁREA INSTITUCIONAL  N. 1;SANTA ROSA;390
1;543;CENTRO ESTADUAL DE EDUCAÇÃO PROFISSIONAL  CORINA MACHADO VIEIRA;RESIDENCIAL JACINTA ANDRADE, ÁREA INSTITUCIONAL  N. 1;SANTA ROSA;391
1;553;CENTRO ESTADUAL DE EDUCAÇÃO PROFISSIONAL  CORINA MACHADO VIEIRA;RESIDENCIAL JACINTA ANDRADE, ÁREA INSTITUCIONAL  N. 1;SANTA ROSA;390
1;558;CENTRO ESTADUAL DE EDUCAÇÃO PROFISSIONAL  CORINA MACHADO VIEIRA;RESIDENCIAL JACINTA ANDRADE, ÁREA INSTITUCIONAL  N. 1;SANTA ROSA;150
1;157;COLÉGIO ALSISTE;RUA GASTOR DE GRESLAN, 2031;ALVORADA;336
1;158;COLÉGIO ALSISTE;RUA GASTOR DE GRESLAN, 2031;ALVORADA;346
1;159;COLÉGIO ALSISTE;RUA GASTOR DE GRESLAN, 2031;ALVORADA;357
1;269;COLÉGIO ALSISTE;RUA GASTOR DE GRESLAN, 2031;ALVORADA;357
1;292;COLÉGIO ALSISTE;RUA GASTOR DE GRESLAN, 2031;ALVORADA;358
1;302;COLÉGIO ALSISTE;RUA GASTOR DE GRESLAN, 2031;ALVORADA;365
1;389;COLÉGIO ALSISTE;RUA GASTOR DE GRESLAN, 2031;ALVORADA;353
1;547;COLÉGIO ALSISTE;RUA GASTOR DE GRESLAN, 2031;ALVORADA;143
1;548;COLÉGIO ALSISTE;RUA GASTOR DE GRESLAN, 2031;ALVORADA;134
1;352;COLÉGIO SÃO JOSÉ;R. JORNALISTA JOSIPIO LUSTOSA;MOCAMBINHO;368
1;360;COLÉGIO SÃO JOSÉ;R. JORNALISTA JOSIPIO LUSTOSA;MOCAMBINHO;362
1;369;COLÉGIO SÃO JOSÉ;R. JORNALISTA JOSIPIO LUSTOSA;MOCAMBINHO;374
1;382;COLÉGIO SÃO JOSÉ;R. JORNALISTA JOSIPIO LUSTOSA;MOCAMBINHO;362
1;398;COLÉGIO SÃO JOSÉ;R. JORNALISTA JOSIPIO LUSTOSA;MOCAMBINHO;358
1;412;COLÉGIO SÃO JOSÉ;R. JORNALISTA JOSIPIO LUSTOSA;MOCAMBINHO;371
1;426;COLÉGIO SÃO JOSÉ;R. JORNALISTA JOSIPIO LUSTOSA;MOCAMBINHO;366
1;447;COLÉGIO SÃO JOSÉ;R. JORNALISTA JOSIPIO LUSTOSA;MOCAMBINHO;363
1;491;COLÉGIO SÃO JOSÉ;R. JORNALISTA JOSIPIO LUSTOSA;MOCAMBINHO;343
1;516;COLÉGIO SÃO JOSÉ;R. JORNALISTA JOSIPIO LUSTOSA;MOCAMBINHO;330
1;535;COLÉGIO SÃO JOSÉ;R. JORNALISTA JOSIPIO LUSTOSA;MOCAMBINHO;325
1;537;COLÉGIO SÃO JOSÉ;R. JORNALISTA JOSIPIO LUSTOSA;MOCAMBINHO;314
1;541;COLÉGIO SÃO JOSÉ;R. JORNALISTA JOSIPIO LUSTOSA;MOCAMBINHO;321
1;544;COLÉGIO SÃO JOSÉ;R. JORNALISTA JOSIPIO LUSTOSA;MOCAMBINHO;323
1;551;COLÉGIO SÃO JOSÉ;R. JORNALISTA JOSIPIO LUSTOSA;MOCAMBINHO;206
1;557;COLÉGIO SÃO JOSÉ;R. JORNALISTA JOSIPIO LUSTOSA;MOCAMBINHO;207
1;60;COLÉGIO SÃO TOMAZ DE AQUINO;RUA COELHO DE RESENDE, 2119;Marquês;264
1;61;COLÉGIO SÃO TOMAZ DE AQUINO;RUA COELHO DE RESENDE, 2119;Marquês;270
1;62;COLÉGIO SÃO TOMAZ DE AQUINO;RUA COELHO DE RESENDE, 2119;Marquês;270
1;63;COLÉGIO SÃO TOMAZ DE AQUINO;RUA COELHO DE RESENDE, 2119;Marquês;291
1;64;COLÉGIO SÃO TOMAZ DE AQUINO;RUA COELHO DE RESENDE, 2119;Marquês;284
1;65;COLÉGIO SÃO TOMAZ DE AQUINO;RUA COELHO DE RESENDE, 2119;Marquês;298
1;66;COLÉGIO SÃO TOMAZ DE AQUINO;RUA COELHO DE RESENDE, 2119;Marquês;289
1;67;COLÉGIO SÃO TOMAZ DE AQUINO;RUA COELHO DE RESENDE, 2119;Marquês;274
1;246;COLÉGIO SÃO TOMAZ DE AQUINO;RUA COELHO DE RESENDE, 2119;Marquês;283
1;257;COLÉGIO SÃO TOMAZ DE AQUINO;RUA COELHO DE RESENDE, 2119;Marquês;261
1;299;COLÉGIO SÃO TOMAZ DE AQUINO;RUA COELHO DE RESENDE, 2119;Marquês;268
1;392;COLÉGIO SÃO TOMAZ DE AQUINO;RUA COELHO DE RESENDE, 2119;Marquês;263
1;509;COLÉGIO SÃO TOMAZ DE AQUINO;RUA COELHO DE RESENDE, 2119;Marquês;214
1;538;COLÉGIO SÃO TOMAZ DE AQUINO;RUA COELHO DE RESENDE, 2119;Marquês;220
1;549;COLÉGIO SÃO TOMAZ DE AQUINO;RUA COELHO DE RESENDE, 2119;Marquês;43
1;550;COLÉGIO SÃO TOMAZ DE AQUINO;RUA COELHO DE RESENDE, 2119;Marquês;43
1;359;ESCOLA IRMÃ CATARINA LEVRINI;RUA IRMÃ ANGÉLICA ARNAULT, 4790;MEMORARE;334
1;399;ESCOLA IRMÃ CATARINA LEVRINI;RUA IRMÃ ANGÉLICA ARNAULT, 4790;MEMORARE;320
1;475;ESCOLA IRMÃ CATARINA LEVRINI;RUA IRMÃ ANGÉLICA ARNAULT, 4790;MEMORARE;109
1;525;ESCOLA IRMÃ CATARINA LEVRINI;RUA IRMÃ ANGÉLICA ARNAULT, 4790;MEMORARE;112
1;408;ESCOLA MUNICIPAL ANTONIO DILSON FERNANDES;RUA ALFERES DEODATO DA COSTA VELOSO;parque sul;363
1;418;ESCOLA MUNICIPAL ANTONIO DILSON FERNANDES;RUA ALFERES DEODATO DA COSTA VELOSO;parque sul;364
1;444;ESCOLA MUNICIPAL ANTONIO DILSON FERNANDES;RUA ALFERES DEODATO DA COSTA VELOSO;parque sul;361
1;460;ESCOLA MUNICIPAL ANTONIO DILSON FERNANDES;RUA ALFERES DEODATO DA COSTA VELOSO;parque sul;337
1;481;ESCOLA MUNICIPAL ANTONIO DILSON FERNANDES;RUA ALFERES DEODATO DA COSTA VELOSO;parque sul;344
1;515;ESCOLA MUNICIPAL ANTONIO DILSON FERNANDES;RUA ALFERES DEODATO DA COSTA VELOSO;parque sul;295
1;556;ESCOLA MUNICIPAL ANTONIO DILSON FERNANDES;RUA ALFERES DEODATO DA COSTA VELOSO;parque sul;271
1;323;ESCOLA MUNICIPAL AURINO NUNES;RUA JOAO ISIDORO FRANÇA, S/N - POV. BELA VISTA S/N;ZONA RURAL;257
1;324;ESCOLA MUNICIPAL AURINO NUNES;RUA JOAO ISIDORO FRANÇA, S/N - POV. BELA VISTA S/N;ZONA RURAL;259
1;379;ESCOLA MUNICIPAL AURINO NUNES;RUA JOAO ISIDORO FRANÇA, S/N - POV. BELA VISTA S/N;ZONA RURAL;255
1;327;ESCOLA MUNICIPAL BARAO DE CASTELO BRANCO;POVOADO CHAPADINHA;ZONA RURAL;86
1;328;ESCOLA MUNICIPAL BARAO DE CASTELO BRANCO;POVOADO CHAPADINHA;ZONA RURAL;86
1;329;ESCOLA MUNICIPAL BARAO DE CASTELO BRANCO;POVOADO CHAPADINHA;ZONA RURAL;88
1;330;ESCOLA MUNICIPAL BARAO DE CASTELO BRANCO;POVOADO CHAPADINHA;ZONA RURAL;92
1;371;ESCOLA MUNICIPAL BARAO DE CASTELO BRANCO;POVOADO CHAPADINHA;ZONA RURAL;86
1;520;ESCOLA MUNICIPAL BARAO DE CASTELO BRANCO;POVOADO CHAPADINHA;ZONA RURAL;85
1;420;ESCOLA MUNICIPAL CAJAZEIRAS;ESTRADA DO POVOADO CAJAZEIRAS;ZONA RURAL;370
1;479;ESCOLA MUNICIPAL CAJAZEIRAS;ESTRADA DO POVOADO CAJAZEIRAS;ZONA RURAL;100
1;523;ESCOLA MUNICIPAL CAJAZEIRAS;ESTRADA DO POVOADO CAJAZEIRAS;ZONA RURAL;101
1;471;ESCOLA MUNICIPAL CLIDENOR DE FREITAS SANTOS;RUA DONA MARIA DA LUZ (ANTIGA RUA 06);PARQUE BRASIL III;347
1;531;ESCOLA MUNICIPAL CLIDENOR DE FREITAS SANTOS;RUA DONA MARIA DA LUZ (ANTIGA RUA 06);PARQUE BRASIL III;351
1;554;ESCOLA MUNICIPAL CLIDENOR DE FREITAS SANTOS;RUA DONA MARIA DA LUZ (ANTIGA RUA 06);PARQUE BRASIL III;349
1;325;ESCOLA MUNICIPAL CONSELHEIRO SARAIVA;AV  PRINCIPAL, S/N POVOADO BOA HORA;ZONA RURAL;315
1;326;ESCOLA MUNICIPAL CONSELHEIRO SARAIVA;AV  PRINCIPAL, S/N POVOADO BOA HORA;ZONA RURAL;314
1;363;ESCOLA MUNICIPAL CONSELHEIRO SARAIVA;AV  PRINCIPAL, S/N POVOADO BOA HORA;ZONA RURAL;317
1;424;ESCOLA MUNICIPAL CONSELHEIRO SARAIVA;AV  PRINCIPAL, S/N POVOADO BOA HORA;ZONA RURAL;305
1;446;ESCOLA MUNICIPAL CONSELHEIRO SARAIVA;AV  PRINCIPAL, S/N POVOADO BOA HORA;ZONA RURAL;241
1;517;ESCOLA MUNICIPAL CONSELHEIRO SARAIVA;AV  PRINCIPAL, S/N POVOADO BOA HORA;ZONA RURAL;240
1;202;ESCOLA MUNICIPAL DEPUTADO ANTONIO GAYOSO;RUA RUI BARBOSA, 3809, MATADOURO;MATADOURO;380
1;203;ESCOLA MUNICIPAL DEPUTADO ANTONIO GAYOSO;RUA RUI BARBOSA, 3809, MATADOURO;MATADOURO;380
1;204;ESCOLA MUNICIPAL DEPUTADO ANTONIO GAYOSO;RUA RUI BARBOSA, 3809, MATADOURO;MATADOURO;378
1;205;ESCOLA MUNICIPAL DEPUTADO ANTONIO GAYOSO;RUA RUI BARBOSA, 3809, MATADOURO;MATADOURO;381
1;206;ESCOLA MUNICIPAL DEPUTADO ANTONIO GAYOSO;RUA RUI BARBOSA, 3809, MATADOURO;MATADOURO;379
1;207;ESCOLA MUNICIPAL DEPUTADO ANTONIO GAYOSO;RUA RUI BARBOSA, 3809, MATADOURO;MATADOURO;380
1;264;ESCOLA MUNICIPAL DEPUTADO ANTONIO GAYOSO;RUA RUI BARBOSA, 3809, MATADOURO;MATADOURO;376
1;273;ESCOLA MUNICIPAL DEPUTADO ANTONIO GAYOSO;RUA RUI BARBOSA, 3809, MATADOURO;MATADOURO;377
1;280;ESCOLA MUNICIPAL DEPUTADO ANTONIO GAYOSO;RUA RUI BARBOSA, 3809, MATADOURO;MATADOURO;380
1;284;ESCOLA MUNICIPAL DEPUTADO ANTONIO GAYOSO;RUA RUI BARBOSA, 3809, MATADOURO;MATADOURO;380
1;305;ESCOLA MUNICIPAL DEPUTADO ANTONIO GAYOSO;RUA RUI BARBOSA, 3809, MATADOURO;MATADOURO;379
1;315;ESCOLA MUNICIPAL DEPUTADO ANTONIO GAYOSO;RUA RUI BARBOSA, 3809, MATADOURO;MATADOURO;379
1;343;ESCOLA MUNICIPAL DEPUTADO ANTONIO GAYOSO;RUA RUI BARBOSA, 3809, MATADOURO;MATADOURO;378
1;483;ESCOLA MUNICIPAL DEPUTADO ANTONIO GAYOSO;RUA RUI BARBOSA, 3809, MATADOURO;MATADOURO;376
1;528;ESCOLA MUNICIPAL DEPUTADO ANTONIO GAYOSO;RUA RUI BARBOSA, 3809, MATADOURO;MATADOURO;378
1;365;ESCOLA MUNICIPAL FAZENDA SOARES;POVOADO FAZENDA SOARES;ZONA RURAL;348
1;440;ESCOLA MUNICIPAL FAZENDA SOARES;POVOADO FAZENDA SOARES;ZONA RURAL;166
1;532;ESCOLA MUNICIPAL FAZENDA SOARES;POVOADO FAZENDA SOARES;ZONA RURAL;146
1;410;ESCOLA MUNICIPAL GOV. CHAGAS RODRIGUES;AV. PRINCIPAL S/N RES. DEP. FED. FRANCISCA TRINDADE;SANTA ROSA;397
1;411;ESCOLA MUNICIPAL GOV. CHAGAS RODRIGUES;AV. PRINCIPAL S/N RES. DEP. FED. FRANCISCA TRINDADE;SANTA ROSA;391
1;415;ESCOLA MUNICIPAL GOV. CHAGAS RODRIGUES;AV. PRINCIPAL S/N RES. DEP. FED. FRANCISCA TRINDADE;SANTA ROSA;399
1;433;ESCOLA MUNICIPAL GOV. CHAGAS RODRIGUES;AV. PRINCIPAL S/N RES. DEP. FED. FRANCISCA TRINDADE;SANTA ROSA;394
1;442;ESCOLA MUNICIPAL GOV. CHAGAS RODRIGUES;AV. PRINCIPAL S/N RES. DEP. FED. FRANCISCA TRINDADE;SANTA ROSA;396
1;445;ESCOLA MUNICIPAL GOV. CHAGAS RODRIGUES;AV. PRINCIPAL S/N RES. DEP. FED. FRANCISCA TRINDADE;SANTA ROSA;397
1;453;ESCOLA MUNICIPAL GOV. CHAGAS RODRIGUES;AV. PRINCIPAL S/N RES. DEP. FED. FRANCISCA TRINDADE;SANTA ROSA;395
1;454;ESCOLA MUNICIPAL GOV. CHAGAS RODRIGUES;AV. PRINCIPAL S/N RES. DEP. FED. FRANCISCA TRINDADE;SANTA ROSA;398
1;457;ESCOLA MUNICIPAL GOV. CHAGAS RODRIGUES;AV. PRINCIPAL S/N RES. DEP. FED. FRANCISCA TRINDADE;SANTA ROSA;397
1;461;ESCOLA MUNICIPAL GOV. CHAGAS RODRIGUES;AV. PRINCIPAL S/N RES. DEP. FED. FRANCISCA TRINDADE;SANTA ROSA;396
1;467;ESCOLA MUNICIPAL GOV. CHAGAS RODRIGUES;AV. PRINCIPAL S/N RES. DEP. FED. FRANCISCA TRINDADE;SANTA ROSA;392
1;472;ESCOLA MUNICIPAL GOV. CHAGAS RODRIGUES;AV. PRINCIPAL S/N RES. DEP. FED. FRANCISCA TRINDADE;SANTA ROSA;393
1;496;ESCOLA MUNICIPAL GOV. CHAGAS RODRIGUES;AV. PRINCIPAL S/N RES. DEP. FED. FRANCISCA TRINDADE;SANTA ROSA;394
1;499;ESCOLA MUNICIPAL GOV. CHAGAS RODRIGUES;AV. PRINCIPAL S/N RES. DEP. FED. FRANCISCA TRINDADE;SANTA ROSA;395
1;501;ESCOLA MUNICIPAL GOV. CHAGAS RODRIGUES;AV. PRINCIPAL S/N RES. DEP. FED. FRANCISCA TRINDADE;SANTA ROSA;396
1;542;ESCOLA MUNICIPAL GOV. CHAGAS RODRIGUES;AV. PRINCIPAL S/N RES. DEP. FED. FRANCISCA TRINDADE;SANTA ROSA;392
1;340;ESCOLA MUNICIPAL HERMELINDA DE CASTRO;RODOVIA PI-112 POVOADO SAO VICENTE S/N;ZONA RURAL;360
1;372;ESCOLA MUNICIPAL HERMELINDA DE CASTRO;RODOVIA PI-112 POVOADO SAO VICENTE S/N;ZONA RURAL;336
1;480;ESCOLA MUNICIPAL HERMELINDA DE CASTRO;RODOVIA PI-112 POVOADO SAO VICENTE S/N;ZONA RURAL;126
1;513;ESCOLA MUNICIPAL HERMELINDA DE CASTRO;RODOVIA PI-112 POVOADO SAO VICENTE S/N;ZONA RURAL;127
1;221;ESCOLA MUNICIPAL IOLANDA RAULINO;ALAMEDA DOMINGOS AFONSO MAFRENSE S/N;MAFRENSE;371
1;349;ESCOLA MUNICIPAL IOLANDA RAULINO;ALAMEDA DOMINGOS AFONSO MAFRENSE S/N;MAFRENSE;384
1;387;ESCOLA MUNICIPAL IOLANDA RAULINO;ALAMEDA DOMINGOS AFONSO MAFRENSE S/N;MAFRENSE;369
1;435;ESCOLA MUNICIPAL IOLANDA RAULINO;ALAMEDA DOMINGOS AFONSO MAFRENSE S/N;MAFRENSE;374
1;488;ESCOLA MUNICIPAL IOLANDA RAULINO;ALAMEDA DOMINGOS AFONSO MAFRENSE S/N;MAFRENSE;340
1;526;ESCOLA MUNICIPAL IOLANDA RAULINO;ALAMEDA DOMINGOS AFONSO MAFRENSE S/N;MAFRENSE;338
1;368;ESCOLA MUNICIPAL JOSE IVAN FILHO;VILA AVE VERDE FAZENDA CANAA;ZONA RURAL;322
1;391;ESCOLA MUNICIPAL JOSE IVAN FILHO;VILA AVE VERDE FAZENDA CANAA;ZONA RURAL;313
1;534;ESCOLA MUNICIPAL JOSE IVAN FILHO;VILA AVE VERDE FAZENDA CANAA;ZONA RURAL;205
1;358;ESCOLA MUNICIPAL MARIANO ALVES DE CARVALHO;AV POTY VELHO, 5760 STA MARIA DA CODIPE;ZONA RURAL;363
1;396;ESCOLA MUNICIPAL MARIANO ALVES DE CARVALHO;AV POTY VELHO, 5760 STA MARIA DA CODIPE;ZONA RURAL;350
1;478;ESCOLA MUNICIPAL MARIANO ALVES DE CARVALHO;AV POTY VELHO, 5760 STA MARIA DA CODIPE;ZONA RURAL;224
1;512;ESCOLA MUNICIPAL MARIANO ALVES DE CARVALHO;AV POTY VELHO, 5760 STA MARIA DA CODIPE;ZONA RURAL;227
1;151;ESCOLA MUNICIPAL NOVA BRASILIA;RUA JOAO RAMALHO S/N;NOVA BRASILIA;383
1;152;ESCOLA MUNICIPAL NOVA BRASILIA;RUA JOAO RAMALHO S/N;NOVA BRASILIA;381
1;153;ESCOLA MUNICIPAL NOVA BRASILIA;RUA JOAO RAMALHO S/N;NOVA BRASILIA;383
1;154;ESCOLA MUNICIPAL NOVA BRASILIA;RUA JOAO RAMALHO S/N;NOVA BRASILIA;385
1;380;ESCOLA MUNICIPAL NOVA BRASILIA;RUA JOAO RAMALHO S/N;NOVA BRASILIA;382
1;490;ESCOLA MUNICIPAL NOVA BRASILIA;RUA JOAO RAMALHO S/N;NOVA BRASILIA;383
1;518;ESCOLA MUNICIPAL NOVA BRASILIA;RUA JOAO RAMALHO S/N;NOVA BRASILIA;383
1;353;ESCOLA MUNICIPAL PROF. MOACI MADEIRA CAMPOS;RUA 06, 4726;SANTA SOFIA;360
1;402;ESCOLA MUNICIPAL PROF. MOACI MADEIRA CAMPOS;RUA 06, 4726;SANTA SOFIA;365
1;436;ESCOLA MUNICIPAL PROF. MOACI MADEIRA CAMPOS;RUA 06, 4726;SANTA SOFIA;391
1;464;ESCOLA MUNICIPAL PROF. MOACI MADEIRA CAMPOS;RUA 06, 4726;SANTA SOFIA;355
1;522;ESCOLA MUNICIPAL PROF. MOACI MADEIRA CAMPOS;RUA 06, 4726;SANTA SOFIA;361
1;367;ESCOLA MUNICIPAL PROFESSORA DARCY CARVALHO;RUA CAXIAS 5675 - PARQUE WALL FERRAZ;ZONA RURAL;371
1;381;ESCOLA MUNICIPAL PROFESSORA DARCY CARVALHO;RUA CAXIAS 5675 - PARQUE WALL FERRAZ;ZONA RURAL;359
1;397;ESCOLA MUNICIPAL PROFESSORA DARCY CARVALHO;RUA CAXIAS 5675 - PARQUE WALL FERRAZ;ZONA RURAL;365
1;409;ESCOLA MUNICIPAL PROFESSORA DARCY CARVALHO;RUA CAXIAS 5675 - PARQUE WALL FERRAZ;ZONA RURAL;383
1;422;ESCOLA MUNICIPAL PROFESSORA DARCY CARVALHO;RUA CAXIAS 5675 - PARQUE WALL FERRAZ;ZONA RURAL;366
1;448;ESCOLA MUNICIPAL PROFESSORA DARCY CARVALHO;RUA CAXIAS 5675 - PARQUE WALL FERRAZ;ZONA RURAL;370
1;473;ESCOLA MUNICIPAL PROFESSORA DARCY CARVALHO;RUA CAXIAS 5675 - PARQUE WALL FERRAZ;ZONA RURAL;352
1;530;ESCOLA MUNICIPAL PROFESSORA DARCY CARVALHO;RUA CAXIAS 5675 - PARQUE WALL FERRAZ;ZONA RURAL;350
1;552;ESCOLA MUNICIPAL PROFESSORA DARCY CARVALHO;RUA CAXIAS 5675 - PARQUE WALL FERRAZ;ZONA RURAL;350
1;74;ESCOLA MUNICIPAL PROFESSORA DELMIRA COELHO MACHADO;RUA BOM JESUS, 4048 BUENOS AIRES;BUENOS AIRES;329
1;75;ESCOLA MUNICIPAL PROFESSORA DELMIRA COELHO MACHADO;RUA BOM JESUS, 4048 BUENOS AIRES;BUENOS AIRES;326
1;76;ESCOLA MUNICIPAL PROFESSORA DELMIRA COELHO MACHADO;RUA BOM JESUS, 4048 BUENOS AIRES;BUENOS AIRES;327
1;77;ESCOLA MUNICIPAL PROFESSORA DELMIRA COELHO MACHADO;RUA BOM JESUS, 4048 BUENOS AIRES;BUENOS AIRES;327
1;354;ESCOLA MUNICIPAL PROFESSORA DELMIRA COELHO MACHADO;RUA BOM JESUS, 4048 BUENOS AIRES;BUENOS AIRES;350
1;374;ESCOLA MUNICIPAL PROFESSORA DELMIRA COELHO MACHADO;RUA BOM JESUS, 4048 BUENOS AIRES;BUENOS AIRES;349
1;423;ESCOLA MUNICIPAL PROFESSORA DELMIRA COELHO MACHADO;RUA BOM JESUS, 4048 BUENOS AIRES;BUENOS AIRES;347
1;450;ESCOLA MUNICIPAL PROFESSORA DELMIRA COELHO MACHADO;RUA BOM JESUS, 4048 BUENOS AIRES;BUENOS AIRES;365
1;462;ESCOLA MUNICIPAL PROFESSORA DELMIRA COELHO MACHADO;RUA BOM JESUS, 4048 BUENOS AIRES;BUENOS AIRES;328
1;493;ESCOLA MUNICIPAL PROFESSORA DELMIRA COELHO MACHADO;RUA BOM JESUS, 4048 BUENOS AIRES;BUENOS AIRES;329
1;355;ESCOLA MUNICIPAL ROBERTO CERQUEIRA DANTAS;AV. AMADEUS PAULO, 2720;ZONA RURAL;397
1;364;ESCOLA MUNICIPAL ROBERTO CERQUEIRA DANTAS;AV. AMADEUS PAULO, 2720;ZONA RURAL;395
1;393;ESCOLA MUNICIPAL ROBERTO CERQUEIRA DANTAS;AV. AMADEUS PAULO, 2720;ZONA RURAL;393
1;403;ESCOLA MUNICIPAL ROBERTO CERQUEIRA DANTAS;AV. AMADEUS PAULO, 2720;ZONA RURAL;393
1;416;ESCOLA MUNICIPAL ROBERTO CERQUEIRA DANTAS;AV. AMADEUS PAULO, 2720;ZONA RURAL;390
1;434;ESCOLA MUNICIPAL ROBERTO CERQUEIRA DANTAS;AV. AMADEUS PAULO, 2720;ZONA RURAL;391
1;451;ESCOLA MUNICIPAL ROBERTO CERQUEIRA DANTAS;AV. AMADEUS PAULO, 2720;ZONA RURAL;395
1;458;ESCOLA MUNICIPAL ROBERTO CERQUEIRA DANTAS;AV. AMADEUS PAULO, 2720;ZONA RURAL;396
1;485;ESCOLA MUNICIPAL ROBERTO CERQUEIRA DANTAS;AV. AMADEUS PAULO, 2720;ZONA RURAL;394
1;507;ESCOLA MUNICIPAL ROBERTO CERQUEIRA DANTAS;AV. AMADEUS PAULO, 2720;ZONA RURAL;396
1;540;ESCOLA MUNICIPAL ROBERTO CERQUEIRA DANTAS;AV. AMADEUS PAULO, 2720;ZONA RURAL;397
1;335;ESCOLA MUNICIPAL SANTA MARIA DA CODIPI;RUA FRANCISCO MAGNOLIA, 1435 POVOADO SANTA MARIA DA CODIPI S/N;ZONA RURAL;361
1;336;ESCOLA MUNICIPAL SANTA MARIA DA CODIPI;RUA FRANCISCO MAGNOLIA, 1435 POVOADO SANTA MARIA DA CODIPI S/N;ZONA RURAL;352
1;341;ESCOLA MUNICIPAL SANTA MARIA DA CODIPI;RUA FRANCISCO MAGNOLIA, 1435 POVOADO SANTA MARIA DA CODIPI S/N;ZONA RURAL;342
1;351;ESCOLA MUNICIPAL SANTA MARIA DA CODIPI;RUA FRANCISCO MAGNOLIA, 1435 POVOADO SANTA MARIA DA CODIPI S/N;ZONA RURAL;351
1;376;ESCOLA MUNICIPAL SANTA MARIA DA CODIPI;RUA FRANCISCO MAGNOLIA, 1435 POVOADO SANTA MARIA DA CODIPI S/N;ZONA RURAL;379
1;417;ESCOLA MUNICIPAL SANTA MARIA DA CODIPI;RUA FRANCISCO MAGNOLIA, 1435 POVOADO SANTA MARIA DA CODIPI S/N;ZONA RURAL;358
1;492;ESCOLA MUNICIPAL SANTA MARIA DA CODIPI;RUA FRANCISCO MAGNOLIA, 1435 POVOADO SANTA MARIA DA CODIPI S/N;ZONA RURAL;237
1;511;ESCOLA MUNICIPAL SANTA MARIA DA CODIPI;RUA FRANCISCO MAGNOLIA, 1435 POVOADO SANTA MARIA DA CODIPI S/N;ZONA RURAL;240
1;337;ESCOLA MUNICIPAL SANTA MARIA DAS VASSOURAS;RUA TENENTE ARAUJO, 1374 STA MA. DAS VASSOURAS;SANTA MARIA DAS VASSOURAS;395
1;373;ESCOLA MUNICIPAL SANTA MARIA DAS VASSOURAS;RUA TENENTE ARAUJO, 1374 STA MA. DAS VASSOURAS;SANTA MARIA DAS VASSOURAS;397
1;383;ESCOLA MUNICIPAL SANTA MARIA DAS VASSOURAS;RUA TENENTE ARAUJO, 1374 STA MA. DAS VASSOURAS;SANTA MARIA DAS VASSOURAS;395
1;477;ESCOLA MUNICIPAL SANTA MARIA DAS VASSOURAS;RUA TENENTE ARAUJO, 1374 STA MA. DAS VASSOURAS;SANTA MARIA DAS VASSOURAS;394
1;533;ESCOLA MUNICIPAL SANTA MARIA DAS VASSOURAS;RUA TENENTE ARAUJO, 1374 STA MA. DAS VASSOURAS;SANTA MARIA DAS VASSOURAS;391
1;78;ESCOLA SANTA ANGELICA;AV. UNIAO 2853;MEMORARE;376
1;277;ESCOLA SANTA ANGELICA;AV. UNIAO 2853;MEMORARE;375
1;317;ESCOLA SANTA ANGELICA;AV. UNIAO 2853;MEMORARE;372
1;346;ESCOLA SANTA ANGELICA;AV. UNIAO 2853;MEMORARE;384
1;385;ESCOLA SANTA ANGELICA;AV. UNIAO 2853;MEMORARE;373
1;486;ESCOLA SANTA ANGELICA;AV. UNIAO 2853;MEMORARE;367
1;502;ESCOLA SANTA ANGELICA;AV. UNIAO 2853;MEMORARE;311
1;555;ESCOLA SANTA ANGELICA;AV. UNIAO 2853;MEMORARE;311
1;232;ESCOLAO DO MOCAMBINHO;RUA LOURIVAL PEREIRA SILVA, 6000 MOCAMBINHO ONIO;MOCAMBINHO;384
1;252;ESCOLAO DO MOCAMBINHO;RUA LOURIVAL PEREIRA SILVA, 6000 MOCAMBINHO ONIO;MOCAMBINHO;381
1;254;ESCOLAO DO MOCAMBINHO;RUA LOURIVAL PEREIRA SILVA, 6000 MOCAMBINHO ONIO;MOCAMBINHO;386
1;260;ESCOLAO DO MOCAMBINHO;RUA LOURIVAL PEREIRA SILVA, 6000 MOCAMBINHO ONIO;MOCAMBINHO;382
1;261;ESCOLAO DO MOCAMBINHO;RUA LOURIVAL PEREIRA SILVA, 6000 MOCAMBINHO ONIO;MOCAMBINHO;384
1;266;ESCOLAO DO MOCAMBINHO;RUA LOURIVAL PEREIRA SILVA, 6000 MOCAMBINHO ONIO;MOCAMBINHO;380
1;386;ESCOLAO DO MOCAMBINHO;RUA LOURIVAL PEREIRA SILVA, 6000 MOCAMBINHO ONIO;MOCAMBINHO;380
1;405;ESCOLAO DO MOCAMBINHO;RUA LOURIVAL PEREIRA SILVA, 6000 MOCAMBINHO ONIO;MOCAMBINHO;381
1;425;ESCOLAO DO MOCAMBINHO;RUA LOURIVAL PEREIRA SILVA, 6000 MOCAMBINHO ONIO;MOCAMBINHO;381
1;452;ESCOLAO DO MOCAMBINHO;RUA LOURIVAL PEREIRA SILVA, 6000 MOCAMBINHO ONIO;MOCAMBINHO;384
1;474;ESCOLAO DO MOCAMBINHO;RUA LOURIVAL PEREIRA SILVA, 6000 MOCAMBINHO ONIO;MOCAMBINHO;381
1;107;UNIDADE ESCOLAR AFONSO MAFRENSE;PCA. PRINC. ISABEL S/N;MAFRENSE;394
1;108;UNIDADE ESCOLAR AFONSO MAFRENSE;PCA. PRINC. ISABEL S/N;MAFRENSE;395
1;109;UNIDADE ESCOLAR AFONSO MAFRENSE;PCA. PRINC. ISABEL S/N;MAFRENSE;392
1;110;UNIDADE ESCOLAR AFONSO MAFRENSE;PCA. PRINC. ISABEL S/N;MAFRENSE;396
1;259;UNIDADE ESCOLAR AFONSO MAFRENSE;PCA. PRINC. ISABEL S/N;MAFRENSE;394
1;289;UNIDADE ESCOLAR AFONSO MAFRENSE;PCA. PRINC. ISABEL S/N;MAFRENSE;396
1;318;UNIDADE ESCOLAR AFONSO MAFRENSE;PCA. PRINC. ISABEL S/N;MAFRENSE;392
1;437;UNIDADE ESCOLAR AFONSO MAFRENSE;PCA. PRINC. ISABEL S/N;MAFRENSE;392
1;494;UNIDADE ESCOLAR AFONSO MAFRENSE;PCA. PRINC. ISABEL S/N;MAFRENSE;391
1;79;UNIDADE ESCOLAR CRISTINO CASTELO BRANCO;RUA JOSE MARQUES DA ROCHA, S/N;BUENOS AIRES;289
1;80;UNIDADE ESCOLAR CRISTINO CASTELO BRANCO;RUA JOSE MARQUES DA ROCHA, S/N;BUENOS AIRES;287
1;88;UNIDADE ESCOLAR CRISTINO CASTELO BRANCO;RUA JOSE MARQUES DA ROCHA, S/N;BUENOS AIRES;290
1;89;UNIDADE ESCOLAR CRISTINO CASTELO BRANCO;RUA JOSE MARQUES DA ROCHA, S/N;BUENOS AIRES;289
1;90;UNIDADE ESCOLAR CRISTINO CASTELO BRANCO;RUA JOSE MARQUES DA ROCHA, S/N;BUENOS AIRES;287
1;91;UNIDADE ESCOLAR CRISTINO CASTELO BRANCO;RUA JOSE MARQUES DA ROCHA, S/N;BUENOS AIRES;289
1;92;UNIDADE ESCOLAR CRISTINO CASTELO BRANCO;RUA JOSE MARQUES DA ROCHA, S/N;BUENOS AIRES;289
1;93;UNIDADE ESCOLAR CRISTINO CASTELO BRANCO;RUA JOSE MARQUES DA ROCHA, S/N;BUENOS AIRES;290
1;94;UNIDADE ESCOLAR CRISTINO CASTELO BRANCO;RUA JOSE MARQUES DA ROCHA, S/N;BUENOS AIRES;291
1;95;UNIDADE ESCOLAR CRISTINO CASTELO BRANCO;RUA JOSE MARQUES DA ROCHA, S/N;BUENOS AIRES;289
1;263;UNIDADE ESCOLAR CRISTINO CASTELO BRANCO;RUA JOSE MARQUES DA ROCHA, S/N;BUENOS AIRES;289
1;271;UNIDADE ESCOLAR CRISTINO CASTELO BRANCO;RUA JOSE MARQUES DA ROCHA, S/N;BUENOS AIRES;292
1;282;UNIDADE ESCOLAR CRISTINO CASTELO BRANCO;RUA JOSE MARQUES DA ROCHA, S/N;BUENOS AIRES;287
1;291;UNIDADE ESCOLAR CRISTINO CASTELO BRANCO;RUA JOSE MARQUES DA ROCHA, S/N;BUENOS AIRES;288
1;295;UNIDADE ESCOLAR CRISTINO CASTELO BRANCO;RUA JOSE MARQUES DA ROCHA, S/N;BUENOS AIRES;288
1;301;UNIDADE ESCOLAR CRISTINO CASTELO BRANCO;RUA JOSE MARQUES DA ROCHA, S/N;BUENOS AIRES;290
1;308;UNIDADE ESCOLAR CRISTINO CASTELO BRANCO;RUA JOSE MARQUES DA ROCHA, S/N;BUENOS AIRES;288
1;143;UNIDADE ESCOLAR DEPUTADO ALBERTO MONTEIRO;AV. PREF. FREITAS NETO S/N;MOCAMBINHO;337
1;144;UNIDADE ESCOLAR DEPUTADO ALBERTO MONTEIRO;AV. PREF. FREITAS NETO S/N;MOCAMBINHO;342
1;145;UNIDADE ESCOLAR DEPUTADO ALBERTO MONTEIRO;AV. PREF. FREITAS NETO S/N;MOCAMBINHO;339
1;146;UNIDADE ESCOLAR DEPUTADO ALBERTO MONTEIRO;AV. PREF. FREITAS NETO S/N;MOCAMBINHO;340
1;147;UNIDADE ESCOLAR DEPUTADO ALBERTO MONTEIRO;AV. PREF. FREITAS NETO S/N;MOCAMBINHO;341
1;404;UNIDADE ESCOLAR DEPUTADO ALBERTO MONTEIRO;AV. PREF. FREITAS NETO S/N;MOCAMBINHO;341
1;521;UNIDADE ESCOLAR DEPUTADO ALBERTO MONTEIRO;AV. PREF. FREITAS NETO S/N;MOCAMBINHO;340
1;270;UNIDADE ESCOLAR DES. HELI SOBRAL;AV.CENTRAL DO MOCAMBINHO II S/N;MOCAMBINHO;382
1;274;UNIDADE ESCOLAR DES. HELI SOBRAL;AV.CENTRAL DO MOCAMBINHO II S/N;MOCAMBINHO;387
1;286;UNIDADE ESCOLAR DES. HELI SOBRAL;AV.CENTRAL DO MOCAMBINHO II S/N;MOCAMBINHO;384
1;287;UNIDADE ESCOLAR DES. HELI SOBRAL;AV.CENTRAL DO MOCAMBINHO II S/N;MOCAMBINHO;386
1;293;UNIDADE ESCOLAR DES. HELI SOBRAL;AV.CENTRAL DO MOCAMBINHO II S/N;MOCAMBINHO;386
1;297;UNIDADE ESCOLAR DES. HELI SOBRAL;AV.CENTRAL DO MOCAMBINHO II S/N;MOCAMBINHO;381
1;298;UNIDADE ESCOLAR DES. HELI SOBRAL;AV.CENTRAL DO MOCAMBINHO II S/N;MOCAMBINHO;387
1;304;UNIDADE ESCOLAR DES. HELI SOBRAL;AV.CENTRAL DO MOCAMBINHO II S/N;MOCAMBINHO;378
1;313;UNIDADE ESCOLAR DES. HELI SOBRAL;AV.CENTRAL DO MOCAMBINHO II S/N;MOCAMBINHO;385
1;314;UNIDADE ESCOLAR DES. HELI SOBRAL;AV.CENTRAL DO MOCAMBINHO II S/N;MOCAMBINHO;383
1;321;UNIDADE ESCOLAR DES. HELI SOBRAL;AV.CENTRAL DO MOCAMBINHO II S/N;MOCAMBINHO;386
1;344;UNIDADE ESCOLAR DES. HELI SOBRAL;AV.CENTRAL DO MOCAMBINHO II S/N;MOCAMBINHO;385
1;348;UNIDADE ESCOLAR DES. HELI SOBRAL;AV.CENTRAL DO MOCAMBINHO II S/N;MOCAMBINHO;384
1;497;UNIDADE ESCOLAR DES. HELI SOBRAL;AV.CENTRAL DO MOCAMBINHO II S/N;MOCAMBINHO;385
1;111;UNIDADE ESCOLAR DES. ROBERT CARVALHO;RUA EMILIO RODRIGUES DA CUNHA S/N;MAFRENSE;329
1;112;UNIDADE ESCOLAR DES. ROBERT CARVALHO;RUA EMILIO RODRIGUES DA CUNHA S/N;MAFRENSE;329
1;113;UNIDADE ESCOLAR DES. ROBERT CARVALHO;RUA EMILIO RODRIGUES DA CUNHA S/N;MAFRENSE;328
1;272;UNIDADE ESCOLAR DES. ROBERT CARVALHO;RUA EMILIO RODRIGUES DA CUNHA S/N;MAFRENSE;323
1;310;UNIDADE ESCOLAR DES. ROBERT CARVALHO;RUA EMILIO RODRIGUES DA CUNHA S/N;MAFRENSE;324
1;441;UNIDADE ESCOLAR DES. ROBERT CARVALHO;RUA EMILIO RODRIGUES DA CUNHA S/N;MAFRENSE;325
1;519;UNIDADE ESCOLAR DES. ROBERT CARVALHO;RUA EMILIO RODRIGUES DA CUNHA S/N;MAFRENSE;322
1;100;UNIDADE ESCOLAR EDGARD TITO;RUA 19 DE NOVEMBRO S/N;ITAPERU;347
1;101;UNIDADE ESCOLAR EDGARD TITO;RUA 19 DE NOVEMBRO S/N;ITAPERU;347
1;102;UNIDADE ESCOLAR EDGARD TITO;RUA 19 DE NOVEMBRO S/N;ITAPERU;348
1;103;UNIDADE ESCOLAR EDGARD TITO;RUA 19 DE NOVEMBRO S/N;ITAPERU;351
1;104;UNIDADE ESCOLAR EDGARD TITO;RUA 19 DE NOVEMBRO S/N;ITAPERU;344
1;105;UNIDADE ESCOLAR EDGARD TITO;RUA 19 DE NOVEMBRO S/N;ITAPERU;346
1;106;UNIDADE ESCOLAR EDGARD TITO;RUA 19 DE NOVEMBRO S/N;ITAPERU;343
1;258;UNIDADE ESCOLAR EDGARD TITO;RUA 19 DE NOVEMBRO S/N;ITAPERU;342
1;267;UNIDADE ESCOLAR EDGARD TITO;RUA 19 DE NOVEMBRO S/N;ITAPERU;348
1;278;UNIDADE ESCOLAR EDGARD TITO;RUA 19 DE NOVEMBRO S/N;ITAPERU;346
1;290;UNIDADE ESCOLAR EDGARD TITO;RUA 19 DE NOVEMBRO S/N;ITAPERU;350
1;309;UNIDADE ESCOLAR EDGARD TITO;RUA 19 DE NOVEMBRO S/N;ITAPERU;348
1;347;UNIDADE ESCOLAR EDGARD TITO;RUA 19 DE NOVEMBRO S/N;ITAPERU;346
1;357;UNIDADE ESCOLAR FELISMINO FREITAS;CONFLUENCIA ENTRE OS SETORES A E B;MOCAMBINHO;395
1;370;UNIDADE ESCOLAR FELISMINO FREITAS;CONFLUENCIA ENTRE OS SETORES A E B;MOCAMBINHO;399
1;395;UNIDADE ESCOLAR FELISMINO FREITAS;CONFLUENCIA ENTRE OS SETORES A E B;MOCAMBINHO;398
1;421;UNIDADE ESCOLAR FELISMINO FREITAS;CONFLUENCIA ENTRE OS SETORES A E B;MOCAMBINHO;399
1;449;UNIDADE ESCOLAR FELISMINO FREITAS;CONFLUENCIA ENTRE OS SETORES A E B;MOCAMBINHO;400
1;468;UNIDADE ESCOLAR FELISMINO FREITAS;CONFLUENCIA ENTRE OS SETORES A E B;MOCAMBINHO;395
1;176;UNIDADE ESCOLAR FIRMINA SOBREIRA;PCA. MARIA DO CARMO RODRIGUES S/N;POTI VELHO;398
1;177;UNIDADE ESCOLAR FIRMINA SOBREIRA;PCA. MARIA DO CARMO RODRIGUES S/N;POTI VELHO;399
1;178;UNIDADE ESCOLAR FIRMINA SOBREIRA;PCA. MARIA DO CARMO RODRIGUES S/N;POTI VELHO;397
1;179;UNIDADE ESCOLAR FIRMINA SOBREIRA;PCA. MARIA DO CARMO RODRIGUES S/N;POTI VELHO;394
1;279;UNIDADE ESCOLAR FIRMINA SOBREIRA;PCA. MARIA DO CARMO RODRIGUES S/N;POTI VELHO;394
1;319;UNIDADE ESCOLAR FIRMINA SOBREIRA;PCA. MARIA DO CARMO RODRIGUES S/N;POTI VELHO;397
1;401;UNIDADE ESCOLAR FIRMINA SOBREIRA;PCA. MARIA DO CARMO RODRIGUES S/N;POTI VELHO;398
1;125;UNIDADE ESCOLAR JOEL RIBEIRO;RUA RUI BARBOSA S/N MATADOURO;MATADOURO;352
1;126;UNIDADE ESCOLAR JOEL RIBEIRO;RUA RUI BARBOSA S/N MATADOURO;MATADOURO;353
1;127;UNIDADE ESCOLAR JOEL RIBEIRO;RUA RUI BARBOSA S/N MATADOURO;MATADOURO;354
1;128;UNIDADE ESCOLAR JOEL RIBEIRO;RUA RUI BARBOSA S/N MATADOURO;MATADOURO;357
1;129;UNIDADE ESCOLAR JOEL RIBEIRO;RUA RUI BARBOSA S/N MATADOURO;MATADOURO;353
1;130;UNIDADE ESCOLAR JOEL RIBEIRO;RUA RUI BARBOSA S/N MATADOURO;MATADOURO;356
1;484;UNIDADE ESCOLAR JOEL RIBEIRO;RUA RUI BARBOSA S/N MATADOURO;MATADOURO;350
1;503;UNIDADE ESCOLAR JOEL RIBEIRO;RUA RUI BARBOSA S/N MATADOURO;MATADOURO;355
1;155;UNIDADE ESCOLAR JOSE NELSON DE CARVALHO;RUA BASILIO ALVES DE CARVALHO 1909 PARQUE ALVORADA;parque sul;357
1;156;UNIDADE ESCOLAR JOSE NELSON DE CARVALHO;RUA BASILIO ALVES DE CARVALHO 1909 PARQUE ALVORADA;parque sul;357
1;283;UNIDADE ESCOLAR JOSE NELSON DE CARVALHO;RUA BASILIO ALVES DE CARVALHO 1909 PARQUE ALVORADA;parque sul;358
1;306;UNIDADE ESCOLAR JOSE NELSON DE CARVALHO;RUA BASILIO ALVES DE CARVALHO 1909 PARQUE ALVORADA;parque sul;355
1;375;UNIDADE ESCOLAR JOSE NELSON DE CARVALHO;RUA BASILIO ALVES DE CARVALHO 1909 PARQUE ALVORADA;parque sul;357
1;394;UNIDADE ESCOLAR JOSE NELSON DE CARVALHO;RUA BASILIO ALVES DE CARVALHO 1909 PARQUE ALVORADA;parque sul;359
1;413;UNIDADE ESCOLAR JOSE NELSON DE CARVALHO;RUA BASILIO ALVES DE CARVALHO 1909 PARQUE ALVORADA;parque sul;355
1;482;UNIDADE ESCOLAR JOSE NELSON DE CARVALHO;RUA BASILIO ALVES DE CARVALHO 1909 PARQUE ALVORADA;parque sul;362
1;524;UNIDADE ESCOLAR JOSE NELSON DE CARVALHO;RUA BASILIO ALVES DE CARVALHO 1909 PARQUE ALVORADA;parque sul;357
1;338;UNIDADE ESCOLAR MUNDINHO FERRAZ;RUA PRINCIPAL- PARQUE WALL FERRAZ      POV.STA.MARIA CODIP S/N;ZONA RURAL;366
1;342;UNIDADE ESCOLAR MUNDINHO FERRAZ;RUA PRINCIPAL- PARQUE WALL FERRAZ      POV.STA.MARIA CODIP S/N;ZONA RURAL;363
1;350;UNIDADE ESCOLAR MUNDINHO FERRAZ;RUA PRINCIPAL- PARQUE WALL FERRAZ      POV.STA.MARIA CODIP S/N;ZONA RURAL;364
1;361;UNIDADE ESCOLAR MUNDINHO FERRAZ;RUA PRINCIPAL- PARQUE WALL FERRAZ      POV.STA.MARIA CODIP S/N;ZONA RURAL;364
1;407;UNIDADE ESCOLAR MUNDINHO FERRAZ;RUA PRINCIPAL- PARQUE WALL FERRAZ      POV.STA.MARIA CODIP S/N;ZONA RURAL;366
1;439;UNIDADE ESCOLAR MUNDINHO FERRAZ;RUA PRINCIPAL- PARQUE WALL FERRAZ      POV.STA.MARIA CODIP S/N;ZONA RURAL;361
1;487;UNIDADE ESCOLAR MUNDINHO FERRAZ;RUA PRINCIPAL- PARQUE WALL FERRAZ      POV.STA.MARIA CODIP S/N;ZONA RURAL;361
1;506;UNIDADE ESCOLAR MUNDINHO FERRAZ;RUA PRINCIPAL- PARQUE WALL FERRAZ      POV.STA.MARIA CODIP S/N;ZONA RURAL;367
1;132;UNIDADE ESCOLAR PEQUENA RUBIM;AV. PRINCIPAL MOCAMBINHO S/N;MOCAMBINHO;342
1;133;UNIDADE ESCOLAR PEQUENA RUBIM;AV. PRINCIPAL MOCAMBINHO S/N;MOCAMBINHO;343
1;134;UNIDADE ESCOLAR PEQUENA RUBIM;AV. PRINCIPAL MOCAMBINHO S/N;MOCAMBINHO;341
1;135;UNIDADE ESCOLAR PEQUENA RUBIM;AV. PRINCIPAL MOCAMBINHO S/N;MOCAMBINHO;341
1;136;UNIDADE ESCOLAR PEQUENA RUBIM;AV. PRINCIPAL MOCAMBINHO S/N;MOCAMBINHO;342
1;137;UNIDADE ESCOLAR PEQUENA RUBIM;AV. PRINCIPAL MOCAMBINHO S/N;MOCAMBINHO;340
1;138;UNIDADE ESCOLAR PEQUENA RUBIM;AV. PRINCIPAL MOCAMBINHO S/N;MOCAMBINHO;343
1;139;UNIDADE ESCOLAR PEQUENA RUBIM;AV. PRINCIPAL MOCAMBINHO S/N;MOCAMBINHO;341
1;140;UNIDADE ESCOLAR PEQUENA RUBIM;AV. PRINCIPAL MOCAMBINHO S/N;MOCAMBINHO;343
1;141;UNIDADE ESCOLAR PEQUENA RUBIM;AV. PRINCIPAL MOCAMBINHO S/N;MOCAMBINHO;343
1;142;UNIDADE ESCOLAR PEQUENA RUBIM;AV. PRINCIPAL MOCAMBINHO S/N;MOCAMBINHO;340
1;476;UNIDADE ESCOLAR PEQUENA RUBIM;AV. PRINCIPAL MOCAMBINHO S/N;MOCAMBINHO;340
1;500;UNIDADE ESCOLAR PEQUENA RUBIM;AV. PRINCIPAL MOCAMBINHO S/N;MOCAMBINHO;341
1;505;UNIDADE ESCOLAR PEQUENA RUBIM;AV. PRINCIPAL MOCAMBINHO S/N;MOCAMBINHO;339
1;180;UNIDADE ESCOLAR PETRONIO PORTELA;RUA CEDRO S/N;POTI VELHO;298
1;181;UNIDADE ESCOLAR PETRONIO PORTELA;RUA CEDRO S/N;POTI VELHO;301
1;388;UNIDADE ESCOLAR PETRONIO PORTELA;RUA CEDRO S/N;POTI VELHO;281
1;529;UNIDADE ESCOLAR PETRONIO PORTELA;RUA CEDRO S/N;POTI VELHO;282
1;81;UNIDADE ESCOLAR PREFEITO FREITAS NETO;AV JERUMENHA, S/N BUENOS AIRES;BUENOS AIRES;339
1;82;UNIDADE ESCOLAR PREFEITO FREITAS NETO;AV JERUMENHA, S/N BUENOS AIRES;BUENOS AIRES;339
1;83;UNIDADE ESCOLAR PREFEITO FREITAS NETO;AV JERUMENHA, S/N BUENOS AIRES;BUENOS AIRES;336
1;84;UNIDADE ESCOLAR PREFEITO FREITAS NETO;AV JERUMENHA, S/N BUENOS AIRES;BUENOS AIRES;338
1;85;UNIDADE ESCOLAR PREFEITO FREITAS NETO;AV JERUMENHA, S/N BUENOS AIRES;BUENOS AIRES;334
1;86;UNIDADE ESCOLAR PREFEITO FREITAS NETO;AV JERUMENHA, S/N BUENOS AIRES;BUENOS AIRES;337
1;87;UNIDADE ESCOLAR PREFEITO FREITAS NETO;AV JERUMENHA, S/N BUENOS AIRES;BUENOS AIRES;336
1;256;UNIDADE ESCOLAR PREFEITO FREITAS NETO;AV JERUMENHA, S/N BUENOS AIRES;BUENOS AIRES;336
1;489;UNIDADE ESCOLAR PREFEITO FREITAS NETO;AV JERUMENHA, S/N BUENOS AIRES;BUENOS AIRES;335
1;510;UNIDADE ESCOLAR PREFEITO FREITAS NETO;AV JERUMENHA, S/N BUENOS AIRES;BUENOS AIRES;336
1;419;UNIDADE ESCOLAR PROFESSORA HELENA CARVALHO;RUA SOTERO VAZ DA SILVEIRA, 4949;MEMORARE;351
1;427;UNIDADE ESCOLAR PROFESSORA HELENA CARVALHO;RUA SOTERO VAZ DA SILVEIRA, 4949;MEMORARE;192
1;443;UNIDADE ESCOLAR PROFESSORA HELENA CARVALHO;RUA SOTERO VAZ DA SILVEIRA, 4949;MEMORARE;385
1;459;UNIDADE ESCOLAR PROFESSORA HELENA CARVALHO;RUA SOTERO VAZ DA SILVEIRA, 4949;MEMORARE;210
1;463;UNIDADE ESCOLAR PROFESSORA HELENA CARVALHO;RUA SOTERO VAZ DA SILVEIRA, 4949;MEMORARE;192
1;527;UNIDADE ESCOLAR PROFESSORA HELENA CARVALHO;RUA SOTERO VAZ DA SILVEIRA, 4949;MEMORARE;194
1;331;UNIDADE ESCOLAR SANTA FILOMENA;PI 112, KM 18,  POV. DOIS IRMAOS S/N;ZONA RURAL;113
1;332;UNIDADE ESCOLAR SANTA FILOMENA;PI 112, KM 18,  POV. DOIS IRMAOS S/N;ZONA RURAL;111
1;333;UNIDADE ESCOLAR SANTA FILOMENA;PI 112, KM 18,  POV. DOIS IRMAOS S/N;ZONA RURAL;117
1;334;UNIDADE ESCOLAR SANTA FILOMENA;PI 112, KM 18,  POV. DOIS IRMAOS S/N;ZONA RURAL;113
2;358;AMA - ASSOCIAÇÃO DOS AMIGOS AUTISTAS DO PIAUÍ;RUA JOSÉ CLEMENTE PEREIRA, 2384;primavera;381
2;359;AMA - ASSOCIAÇÃO DOS AMIGOS AUTISTAS DO PIAUÍ;RUA JOSÉ CLEMENTE PEREIRA, 2384;primavera;383
2;360;AMA - ASSOCIAÇÃO DOS AMIGOS AUTISTAS DO PIAUÍ;RUA JOSÉ CLEMENTE PEREIRA, 2384;primavera;384
2;361;AMA - ASSOCIAÇÃO DOS AMIGOS AUTISTAS DO PIAUÍ;RUA JOSÉ CLEMENTE PEREIRA, 2384;primavera;381
2;362;AMA - ASSOCIAÇÃO DOS AMIGOS AUTISTAS DO PIAUÍ;RUA JOSÉ CLEMENTE PEREIRA, 2384;primavera;380
2;363;AMA - ASSOCIAÇÃO DOS AMIGOS AUTISTAS DO PIAUÍ;RUA JOSÉ CLEMENTE PEREIRA, 2384;primavera;384
2;95;ASSOCIAÇÃO DE PAIS E AMIGOS DOS EXCEPCIONAIS DE TERESINA (APAE);RUA DESEMBARGADOR JOSÉ MESSIAS, N 1158, CRISTO REI;CRISTO REI;362
2;96;ASSOCIAÇÃO DE PAIS E AMIGOS DOS EXCEPCIONAIS DE TERESINA (APAE);RUA DESEMBARGADOR JOSÉ MESSIAS, N 1158, CRISTO REI;CRISTO REI;364
2;97;ASSOCIAÇÃO DE PAIS E AMIGOS DOS EXCEPCIONAIS DE TERESINA (APAE);RUA DESEMBARGADOR JOSÉ MESSIAS, N 1158, CRISTO REI;CRISTO REI;358
2;98;ASSOCIAÇÃO DE PAIS E AMIGOS DOS EXCEPCIONAIS DE TERESINA (APAE);RUA DESEMBARGADOR JOSÉ MESSIAS, N 1158, CRISTO REI;CRISTO REI;359
2;195;ASSOCIAÇÃO DE PAIS E AMIGOS DOS EXCEPCIONAIS DE TERESINA (APAE);RUA DESEMBARGADOR JOSÉ MESSIAS, N 1158, CRISTO REI;CRISTO REI;360
2;323;ASSOCIAÇÃO DE PAIS E AMIGOS DOS EXCEPCIONAIS DE TERESINA (APAE);RUA DESEMBARGADOR JOSÉ MESSIAS, N 1158, CRISTO REI;CRISTO REI;359
2;38;CAP MONTE CASTELO;RUA MAJOR OSMAR FÉLIX, SN;MONTE CASTELO;389
2;39;CAP MONTE CASTELO;RUA MAJOR OSMAR FÉLIX, SN;MONTE CASTELO;392
2;321;CAP MONTE CASTELO;RUA MAJOR OSMAR FÉLIX, SN;MONTE CASTELO;393
2;100;CENT DE CAPAC DE PROF DA EDUC E ATENDIMENTO ÀS PESSOAS C/ SURDEZ-CAS;AV. SÃO RAIMUNDO, 568;PICARRA;234
2;101;CENT DE CAPAC DE PROF DA EDUC E ATENDIMENTO ÀS PESSOAS C/ SURDEZ-CAS;AV. SÃO RAIMUNDO, 568;PICARRA;236
2;102;CENT DE CAPAC DE PROF DA EDUC E ATENDIMENTO ÀS PESSOAS C/ SURDEZ-CAS;AV. SÃO RAIMUNDO, 568;PICARRA;236
2;103;CENT DE CAPAC DE PROF DA EDUC E ATENDIMENTO ÀS PESSOAS C/ SURDEZ-CAS;AV. SÃO RAIMUNDO, 568;PICARRA;233
2;188;CENT DE CAPAC DE PROF DA EDUC E ATENDIMENTO ÀS PESSOAS C/ SURDEZ-CAS;AV. SÃO RAIMUNDO, 568;PICARRA;235
2;400;CENT. DE FORMAMAÇÃO DE PROF. MARCÍLIO  RANGEL DE FARIAS;RUA MAGALHAES FILHO S/N;MARQUES DE PARANAGUA;324
2;402;CENT. DE FORMAMAÇÃO DE PROF. MARCÍLIO  RANGEL DE FARIAS;RUA MAGALHAES FILHO S/N;MARQUES DE PARANAGUA;165
2;335;CENTRO DE FORMAÇÃO DE PROFESSORES ODILON NUNES;RUA MAGALHÃES FILHO, 177;MARQUES DE PARANAGUA;210
2;336;CENTRO DE FORMAÇÃO DE PROFESSORES ODILON NUNES;RUA MAGALHÃES FILHO, 177;MARQUES DE PARANAGUA;212
2;337;CENTRO DE FORMAÇÃO DE PROFESSORES ODILON NUNES;RUA MAGALHÃES FILHO, 177;MARQUES DE PARANAGUA;210
2;546;CENTRO DE FORMAÇÃO DE PROFESSORES ODILON NUNES;RUA MAGALHÃES FILHO, 177;MARQUES DE PARANAGUA;208
2;89;CENTRO INTEGRADO DE EDUCAÇÃO ESPECIAL - CIES;AV. HIGINO CUNHA, S/N;ILHOTAS;299
2;91;CENTRO INTEGRADO DE EDUCAÇÃO ESPECIAL - CIES;AV. HIGINO CUNHA, S/N;ILHOTAS;306
2;92;CENTRO INTEGRADO DE EDUCAÇÃO ESPECIAL - CIES;AV. HIGINO CUNHA, S/N;ILHOTAS;301
2;93;CENTRO INTEGRADO DE EDUCAÇÃO ESPECIAL - CIES;AV. HIGINO CUNHA, S/N;ILHOTAS;298
2;94;CENTRO INTEGRADO DE EDUCAÇÃO ESPECIAL - CIES;AV. HIGINO CUNHA, S/N;ILHOTAS;153
2;328;CETI DOM SEVERINO;ALAMEDA PARNAIBA S/N;VILA OPERARIA;218
2;329;CETI DOM SEVERINO;ALAMEDA PARNAIBA S/N;VILA OPERARIA;217
2;330;CETI DOM SEVERINO;ALAMEDA PARNAIBA S/N;VILA OPERARIA;217
2;331;CETI DOM SEVERINO;ALAMEDA PARNAIBA S/N;VILA OPERARIA;217
2;332;CETI DOM SEVERINO;ALAMEDA PARNAIBA S/N;VILA OPERARIA;219
2;333;CETI DOM SEVERINO;ALAMEDA PARNAIBA S/N;VILA OPERARIA;219
2;133;CETI DUQUE DE CAXIAS;AV. BARÃO DE CASTELO BRANCO, 1370;CRISTO REI;346
2;134;CETI DUQUE DE CAXIAS;AV. BARÃO DE CASTELO BRANCO, 1370;CRISTO REI;352
2;135;CETI DUQUE DE CAXIAS;AV. BARÃO DE CASTELO BRANCO, 1370;CRISTO REI;362
2;136;CETI DUQUE DE CAXIAS;AV. BARÃO DE CASTELO BRANCO, 1370;CRISTO REI;358
2;325;CETI DUQUE DE CAXIAS;AV. BARÃO DE CASTELO BRANCO, 1370;CRISTO REI;316
2;57;CETI GERVÁSIO COSTA;AV. HIGINO CUNHA S/N;ILHOTAS;370
2;58;CETI GERVÁSIO COSTA;AV. HIGINO CUNHA S/N;ILHOTAS;371
2;59;CETI GERVÁSIO COSTA;AV. HIGINO CUNHA S/N;ILHOTAS;372
2;187;CETI GERVÁSIO COSTA;AV. HIGINO CUNHA S/N;ILHOTAS;372
2;306;CETI GERVÁSIO COSTA;AV. HIGINO CUNHA S/N;ILHOTAS;372
2;511;CETI HELVIDIO NUNES;AV MAGALHÃES FILHO 2020;MARQUES DE PARANAGUA;328
2;512;CETI HELVIDIO NUNES;AV MAGALHÃES FILHO 2020;MARQUES DE PARANAGUA;328
2;513;CETI HELVIDIO NUNES;AV MAGALHÃES FILHO 2020;MARQUES DE PARANAGUA;328
2;477;CETI INDÍGENA OKA KA INAMINANOKO;RUA PADRE CICERO, 3996;BELA VISTA II;370
2;478;CETI INDÍGENA OKA KA INAMINANOKO;RUA PADRE CICERO, 3996;BELA VISTA II;392
2;479;CETI INDÍGENA OKA KA INAMINANOKO;RUA PADRE CICERO, 3996;BELA VISTA II;383
2;480;CETI INDÍGENA OKA KA INAMINANOKO;RUA PADRE CICERO, 3996;BELA VISTA II;354
2;481;CETI INDÍGENA OKA KA INAMINANOKO;RUA PADRE CICERO, 3996;BELA VISTA II;344
2;482;CETI INDÍGENA OKA KA INAMINANOKO;RUA PADRE CICERO, 3996;BELA VISTA II;312
2;525;CETI INDÍGENA OKA KA INAMINANOKO;RUA PADRE CICERO, 3996;BELA VISTA II;312
2;562;CETI INDÍGENA OKA KA INAMINANOKO;RUA PADRE CICERO, 3996;BELA VISTA II;315
2;472;CETI PADRE JOAQUIM NONATO GOMES;R. ERCÍNIO FORTES;BELA VISTA;333
2;473;CETI PADRE JOAQUIM NONATO GOMES;R. ERCÍNIO FORTES;BELA VISTA;332
2;474;CETI PADRE JOAQUIM NONATO GOMES;R. ERCÍNIO FORTES;BELA VISTA;331
2;475;CETI PADRE JOAQUIM NONATO GOMES;R. ERCÍNIO FORTES;BELA VISTA;331
2;476;CETI PADRE JOAQUIM NONATO GOMES;R. ERCÍNIO FORTES;BELA VISTA;336
2;578;CETI PADRE JOAQUIM NONATO GOMES;R. ERCÍNIO FORTES;BELA VISTA;333
2;385;CETI RAIMUNDO WALL FERRAZ;RUA TEN. JOSE BISPO S/N;AGUA MINERAL;347
2;386;CETI RAIMUNDO WALL FERRAZ;RUA TEN. JOSE BISPO S/N;AGUA MINERAL;348
2;387;CETI RAIMUNDO WALL FERRAZ;RUA TEN. JOSE BISPO S/N;AGUA MINERAL;346
2;389;CETI RAIMUNDO WALL FERRAZ;RUA TEN. JOSE BISPO S/N;AGUA MINERAL;346
2;390;CETI RAIMUNDO WALL FERRAZ;RUA TEN. JOSE BISPO S/N;AGUA MINERAL;347
2;391;CETI RAIMUNDO WALL FERRAZ;RUA TEN. JOSE BISPO S/N;AGUA MINERAL;346
2;467;CMEI DR. MARCOS VILACA;RUA SANTA MARIA GORETE COM A ANTONINO LEMOS S/N;TRES ANDARES;301
2;468;CMEI DR. MARCOS VILACA;RUA SANTA MARIA GORETE COM A ANTONINO LEMOS S/N;TRES ANDARES;300
2;571;CMEI TIA ANITA GAYOSO;AV. DUQUE DE CAXIAS, 4240;AGUA MINERAL;396
2;55;CMEI TIA LYGIA;AV. HIGINO CUNHA S/N;ILHOTAS;378
2;56;CMEI TIA LYGIA;AV. HIGINO CUNHA S/N;ILHOTAS;380
2;305;CMEI TIA LYGIA;AV. HIGINO CUNHA S/N;ILHOTAS;376
2;483;E.M. PROFESSOR ANTILHON RIBEIRO SOARES;RUA DELFIM MOREIRA, 1345;LOURIVAL PARENTE;396
2;484;E.M. PROFESSOR ANTILHON RIBEIRO SOARES;RUA DELFIM MOREIRA, 1345;LOURIVAL PARENTE;399
2;485;E.M. PROFESSOR ANTILHON RIBEIRO SOARES;RUA DELFIM MOREIRA, 1345;LOURIVAL PARENTE;399
2;486;E.M. PROFESSOR ANTILHON RIBEIRO SOARES;RUA DELFIM MOREIRA, 1345;LOURIVAL PARENTE;398
2;487;E.M. PROFESSOR ANTILHON RIBEIRO SOARES;RUA DELFIM MOREIRA, 1345;LOURIVAL PARENTE;395
2;488;E.M. PROFESSOR ANTILHON RIBEIRO SOARES;RUA DELFIM MOREIRA, 1345;LOURIVAL PARENTE;397
2;460;ESC. MUN PROF. NÉLSON DO AMARAL SOBREIRA;RUA EGITO N 3291;BELA VISTA II;349
2;469;ESC. MUN PROF. NÉLSON DO AMARAL SOBREIRA;RUA EGITO N 3291;BELA VISTA II;349
2;470;ESC. MUN PROF. NÉLSON DO AMARAL SOBREIRA;RUA EGITO N 3291;BELA VISTA II;350
2;471;ESC. MUN PROF. NÉLSON DO AMARAL SOBREIRA;RUA EGITO N 3291;BELA VISTA II;350
2;382;ESC. MUN. AMBIENTAL PREF. FIRMINO FILHO;AVENIDA DUQUE DE CAXIAS S/N;AGUA MINERAL;353
2;383;ESC. MUN. AMBIENTAL PREF. FIRMINO FILHO;AVENIDA DUQUE DE CAXIAS S/N;AGUA MINERAL;330
2;384;ESC. MUN. AMBIENTAL PREF. FIRMINO FILHO;AVENIDA DUQUE DE CAXIAS S/N;AGUA MINERAL;345
2;388;ESC. MUN. AMBIENTAL PREF. FIRMINO FILHO;AVENIDA DUQUE DE CAXIAS S/N;AGUA MINERAL;345
2;392;ESC. MUN. AMBIENTAL PREF. FIRMINO FILHO;AVENIDA DUQUE DE CAXIAS S/N;AGUA MINERAL;329
2;393;ESC. MUN. AMBIENTAL PREF. FIRMINO FILHO;AVENIDA DUQUE DE CAXIAS S/N;AGUA MINERAL;331
2;394;ESC. MUN. AMBIENTAL PREF. FIRMINO FILHO;AVENIDA DUQUE DE CAXIAS S/N;AGUA MINERAL;319
2;395;ESC. MUN. AMBIENTAL PREF. FIRMINO FILHO;AVENIDA DUQUE DE CAXIAS S/N;AGUA MINERAL;307
2;396;ESC. MUN. AMBIENTAL PREF. FIRMINO FILHO;AVENIDA DUQUE DE CAXIAS S/N;AGUA MINERAL;331
2;397;ESC. MUN. AMBIENTAL PREF. FIRMINO FILHO;AVENIDA DUQUE DE CAXIAS S/N;AGUA MINERAL;338
2;398;ESC. MUN. AMBIENTAL PREF. FIRMINO FILHO;AVENIDA DUQUE DE CAXIAS S/N;AGUA MINERAL;334
2;399;ESC. MUN. AMBIENTAL PREF. FIRMINO FILHO;AVENIDA DUQUE DE CAXIAS S/N;AGUA MINERAL;303
2;532;ESC. MUN. AMBIENTAL PREF. FIRMINO FILHO;AVENIDA DUQUE DE CAXIAS S/N;AGUA MINERAL;330
2;545;ESC. MUN. AMBIENTAL PREF. FIRMINO FILHO;AVENIDA DUQUE DE CAXIAS S/N;AGUA MINERAL;243
2;549;ESC. MUN. AMBIENTAL PREF. FIRMINO FILHO;AVENIDA DUQUE DE CAXIAS S/N;AGUA MINERAL;240
2;556;ESC. MUN. AMBIENTAL PREF. FIRMINO FILHO;AVENIDA DUQUE DE CAXIAS S/N;AGUA MINERAL;325
2;432;ESC. MUN. MONS. MATEUS CORTEZ RUFINO;RUA SANTA MARTA, 1345;PARQUE RODOVIARIO;361
2;433;ESC. MUN. MONS. MATEUS CORTEZ RUFINO;RUA SANTA MARTA, 1345;PARQUE RODOVIARIO;360
2;434;ESC. MUN. MONS. MATEUS CORTEZ RUFINO;RUA SANTA MARTA, 1345;PARQUE RODOVIARIO;352
2;440;ESC. MUN. PROF. LYSANDRO TITO DE OLIVEIRA;RUA DO SOL, N 3847;VILA DAGMAR MAZZA SANTO ANTÔNIO;355
2;441;ESC. MUN. PROF. LYSANDRO TITO DE OLIVEIRA;RUA DO SOL, N 3847;VILA DAGMAR MAZZA SANTO ANTÔNIO;356
2;442;ESC. MUN. PROF. LYSANDRO TITO DE OLIVEIRA;RUA DO SOL, N 3847;VILA DAGMAR MAZZA SANTO ANTÔNIO;353
2;443;ESC. MUN. PROF. LYSANDRO TITO DE OLIVEIRA;RUA DO SOL, N 3847;VILA DAGMAR MAZZA SANTO ANTÔNIO;350
2;516;ESC. MUN. PROF. LYSANDRO TITO DE OLIVEIRA;RUA DO SOL, N 3847;VILA DAGMAR MAZZA SANTO ANTÔNIO;347
2;551;ESC. MUN. PROF. LYSANDRO TITO DE OLIVEIRA;RUA DO SOL, N 3847;VILA DAGMAR MAZZA SANTO ANTÔNIO;357
2;565;ESC. MUN. PROF. LYSANDRO TITO DE OLIVEIRA;RUA DO SOL, N 3847;VILA DAGMAR MAZZA SANTO ANTÔNIO;352
2;60;ESC. MUN. PROFº BENJAMIM SOARES DE CARVALHO;RUA CEL. LUÍS FERRAZ, 1345;MACAUBA;301
2;61;ESC. MUN. PROFº BENJAMIM SOARES DE CARVALHO;RUA CEL. LUÍS FERRAZ, 1345;MACAUBA;299
2;62;ESC. MUN. PROFº BENJAMIM SOARES DE CARVALHO;RUA CEL. LUÍS FERRAZ, 1345;MACAUBA;302
2;63;ESC. MUN. PROFº BENJAMIM SOARES DE CARVALHO;RUA CEL. LUÍS FERRAZ, 1345;MACAUBA;299
2;64;ESC. MUN. PROFº BENJAMIM SOARES DE CARVALHO;RUA CEL. LUÍS FERRAZ, 1345;MACAUBA;302
2;65;ESC. MUN. PROFº BENJAMIM SOARES DE CARVALHO;RUA CEL. LUÍS FERRAZ, 1345;MACAUBA;300
2;299;ESC. MUN. PROFº BENJAMIM SOARES DE CARVALHO;RUA CEL. LUÍS FERRAZ, 1345;MACAUBA;298
2;280;ESCOLA MUNICIPAL EURIPEDES DE AGUIAR;RUA COELHO DE RESENDE S/N;MARQUES DE PARANAGUA;312
2;281;ESCOLA MUNICIPAL EURIPEDES DE AGUIAR;RUA COELHO DE RESENDE S/N;MARQUES DE PARANAGUA;314
2;282;ESCOLA MUNICIPAL EURIPEDES DE AGUIAR;RUA COELHO DE RESENDE S/N;MARQUES DE PARANAGUA;312
2;403;ESCOLA MUNICIPAL EURIPEDES DE AGUIAR;RUA COELHO DE RESENDE S/N;MARQUES DE PARANAGUA;365
2;404;ESCOLA MUNICIPAL EURIPEDES DE AGUIAR;RUA COELHO DE RESENDE S/N;MARQUES DE PARANAGUA;370
2;405;ESCOLA MUNICIPAL EURIPEDES DE AGUIAR;RUA COELHO DE RESENDE S/N;MARQUES DE PARANAGUA;360
2;406;ESCOLA MUNICIPAL EURIPEDES DE AGUIAR;RUA COELHO DE RESENDE S/N;MARQUES DE PARANAGUA;278
2;407;ESCOLA MUNICIPAL EURIPEDES DE AGUIAR;RUA COELHO DE RESENDE S/N;MARQUES DE PARANAGUA;270
2;580;ESCOLA MUNICIPAL GRACILIANO RAMOS;RESIDENCIAL TORQUATO NETO III - QUADRA I , A VI - PORTAL DA ALEGRIA;TORQUATO NETO;104
2;444;ESCOLA MUNICIPAL JOAO PAULO I;POVOADO ALEGRIA;ZONA RURAL;350
2;445;ESCOLA MUNICIPAL JOAO PAULO I;POVOADO ALEGRIA;ZONA RURAL;350
2;446;ESCOLA MUNICIPAL JOAO PAULO I;POVOADO ALEGRIA;ZONA RURAL;352
2;535;ESCOLA MUNICIPAL JOAO PAULO I;POVOADO ALEGRIA;ZONA RURAL;351
2;453;ESCOLA MUNICIPAL JORNALISTA JOÃO EMÍLIO FALCÃO;RUA VINTE, S/N;VAMOS VER O SOL;390
2;454;ESCOLA MUNICIPAL JORNALISTA JOÃO EMÍLIO FALCÃO;RUA VINTE, S/N;VAMOS VER O SOL;393
2;455;ESCOLA MUNICIPAL JORNALISTA JOÃO EMÍLIO FALCÃO;RUA VINTE, S/N;VAMOS VER O SOL;396
2;456;ESCOLA MUNICIPAL JORNALISTA JOÃO EMÍLIO FALCÃO;RUA VINTE, S/N;VAMOS VER O SOL;393
2;457;ESCOLA MUNICIPAL JORNALISTA JOÃO EMÍLIO FALCÃO;RUA VINTE, S/N;VAMOS VER O SOL;391
2;458;ESCOLA MUNICIPAL JORNALISTA JOÃO EMÍLIO FALCÃO;RUA VINTE, S/N;VAMOS VER O SOL;392
2;573;ESCOLA MUNICIPAL JORNALISTA JOÃO EMÍLIO FALCÃO;RUA VINTE, S/N;VAMOS VER O SOL;390
2;577;ESCOLA MUNICIPAL JORNALISTA JOÃO EMÍLIO FALCÃO;RUA VINTE, S/N;VAMOS VER O SOL;397
2;584;ESCOLA MUNICIPAL JORNALISTA JOÃO EMÍLIO FALCÃO;RUA VINTE, S/N;VAMOS VER O SOL;59
2;505;ESCOLA MUNICIPAL JOSE CARLOS;RUA BATALHA DO JENIPAPO, N. 2595;real copagre;354
2;506;ESCOLA MUNICIPAL JOSE CARLOS;RUA BATALHA DO JENIPAPO, N. 2595;real copagre;351
2;507;ESCOLA MUNICIPAL JOSE CARLOS;RUA BATALHA DO JENIPAPO, N. 2595;real copagre;350
2;508;ESCOLA MUNICIPAL JOSE CARLOS;RUA BATALHA DO JENIPAPO, N. 2595;real copagre;351
2;509;ESCOLA MUNICIPAL JOSE CARLOS;RUA BATALHA DO JENIPAPO, N. 2595;real copagre;351
2;510;ESCOLA MUNICIPAL JOSE CARLOS;RUA BATALHA DO JENIPAPO, N. 2595;real copagre;352
2;521;ESCOLA MUNICIPAL JOSE CARLOS;RUA BATALHA DO JENIPAPO, N. 2595;real copagre;350
2;572;ESCOLA MUNICIPAL JÚLIO LOPES LIMA;AVENIDA JORNALISTA LINDBERG LEITE, 8765;PORTAL DA ALEGRIA;390
2;574;ESCOLA MUNICIPAL JÚLIO LOPES LIMA;AVENIDA JORNALISTA LINDBERG LEITE, 8765;PORTAL DA ALEGRIA;393
2;581;ESCOLA MUNICIPAL JÚLIO LOPES LIMA;AVENIDA JORNALISTA LINDBERG LEITE, 8765;PORTAL DA ALEGRIA;109
2;418;ESCOLA MUNICIPAL LUIS FORTES;RUA DELFIM MOREIRA, 1334;LOURIVAL PARENTE;394
2;419;ESCOLA MUNICIPAL LUIS FORTES;RUA DELFIM MOREIRA, 1334;LOURIVAL PARENTE;397
2;420;ESCOLA MUNICIPAL LUIS FORTES;RUA DELFIM MOREIRA, 1334;LOURIVAL PARENTE;397
2;421;ESCOLA MUNICIPAL LUIS FORTES;RUA DELFIM MOREIRA, 1334;LOURIVAL PARENTE;398
2;422;ESCOLA MUNICIPAL LUIS FORTES;RUA DELFIM MOREIRA, 1334;LOURIVAL PARENTE;400
2;558;ESCOLA MUNICIPAL LUIS FORTES;RUA DELFIM MOREIRA, 1334;LOURIVAL PARENTE;397
2;567;ESCOLA MUNICIPAL LUIS FORTES;RUA DELFIM MOREIRA, 1334;LOURIVAL PARENTE;394
2;489;ESCOLA MUNICIPAL OFÉLIO LEITÃO;AV. PRINCIPAL 1345 (AV AYRTON SENNA);PORTO ALEGRE;387
2;490;ESCOLA MUNICIPAL OFÉLIO LEITÃO;AV. PRINCIPAL 1345 (AV AYRTON SENNA);PORTO ALEGRE;385
2;491;ESCOLA MUNICIPAL OFÉLIO LEITÃO;AV. PRINCIPAL 1345 (AV AYRTON SENNA);PORTO ALEGRE;385
2;492;ESCOLA MUNICIPAL OFÉLIO LEITÃO;AV. PRINCIPAL 1345 (AV AYRTON SENNA);PORTO ALEGRE;386
2;493;ESCOLA MUNICIPAL OFÉLIO LEITÃO;AV. PRINCIPAL 1345 (AV AYRTON SENNA);PORTO ALEGRE;382
2;494;ESCOLA MUNICIPAL OFÉLIO LEITÃO;AV. PRINCIPAL 1345 (AV AYRTON SENNA);PORTO ALEGRE;388
2;495;ESCOLA MUNICIPAL OFÉLIO LEITÃO;AV. PRINCIPAL 1345 (AV AYRTON SENNA);PORTO ALEGRE;387
2;496;ESCOLA MUNICIPAL OFÉLIO LEITÃO;AV. PRINCIPAL 1345 (AV AYRTON SENNA);PORTO ALEGRE;386
2;497;ESCOLA MUNICIPAL OFÉLIO LEITÃO;AV. PRINCIPAL 1345 (AV AYRTON SENNA);PORTO ALEGRE;386
2;514;ESCOLA MUNICIPAL OFÉLIO LEITÃO;AV. PRINCIPAL 1345 (AV AYRTON SENNA);PORTO ALEGRE;385
2;524;ESCOLA MUNICIPAL OFÉLIO LEITÃO;AV. PRINCIPAL 1345 (AV AYRTON SENNA);PORTO ALEGRE;384
2;526;ESCOLA MUNICIPAL OFÉLIO LEITÃO;AV. PRINCIPAL 1345 (AV AYRTON SENNA);PORTO ALEGRE;385
2;527;ESCOLA MUNICIPAL OFÉLIO LEITÃO;AV. PRINCIPAL 1345 (AV AYRTON SENNA);PORTO ALEGRE;385
2;538;ESCOLA MUNICIPAL OFÉLIO LEITÃO;AV. PRINCIPAL 1345 (AV AYRTON SENNA);PORTO ALEGRE;388
2;552;ESCOLA MUNICIPAL OFÉLIO LEITÃO;AV. PRINCIPAL 1345 (AV AYRTON SENNA);PORTO ALEGRE;389
2;499;ESCOLA MUNICIPAL PROFESSOR ALCIDES LEBRE;RUA PIRACURUCA S/N;VILA DA PAZ;375
2;500;ESCOLA MUNICIPAL PROFESSOR ALCIDES LEBRE;RUA PIRACURUCA S/N;VILA DA PAZ;374
2;501;ESCOLA MUNICIPAL PROFESSOR ALCIDES LEBRE;RUA PIRACURUCA S/N;VILA DA PAZ;375
2;502;ESCOLA MUNICIPAL PROFESSOR ALCIDES LEBRE;RUA PIRACURUCA S/N;VILA DA PAZ;375
2;503;ESCOLA MUNICIPAL PROFESSOR ALCIDES LEBRE;RUA PIRACURUCA S/N;VILA DA PAZ;376
2;504;ESCOLA MUNICIPAL PROFESSOR ALCIDES LEBRE;RUA PIRACURUCA S/N;VILA DA PAZ;375
2;376;ESCOLA MUNICIPAL PROFESSOR WALDEMAR SANDES;RUA CURITIBA, 1345;PARQUE PIONEIRO, STO. ANTÔNIO;357
2;377;ESCOLA MUNICIPAL PROFESSOR WALDEMAR SANDES;RUA CURITIBA, 1345;PARQUE PIONEIRO, STO. ANTÔNIO;355
2;378;ESCOLA MUNICIPAL PROFESSOR WALDEMAR SANDES;RUA CURITIBA, 1345;PARQUE PIONEIRO, STO. ANTÔNIO;356
2;553;ESCOLA MUNICIPAL PROFESSOR WALDEMAR SANDES;RUA CURITIBA, 1345;PARQUE PIONEIRO, STO. ANTÔNIO;355
2;568;ESCOLA MUNICIPAL PROFESSOR WALDEMAR SANDES;RUA CURITIBA, 1345;PARQUE PIONEIRO, STO. ANTÔNIO;356
2;379;ESCOLA MUNICIPAL PROFESSORA CRISTINA EVANGELISTA;RUA PIRACURUCA 2502;TRES ANDARES;315
2;380;ESCOLA MUNICIPAL PROFESSORA CRISTINA EVANGELISTA;RUA PIRACURUCA 2502;TRES ANDARES;332
2;381;ESCOLA MUNICIPAL PROFESSORA CRISTINA EVANGELISTA;RUA PIRACURUCA 2502;TRES ANDARES;321
2;461;ESCOLA MUNICIPAL PROFESSORA CRISTINA EVANGELISTA;RUA PIRACURUCA 2502;TRES ANDARES;385
2;462;ESCOLA MUNICIPAL PROFESSORA CRISTINA EVANGELISTA;RUA PIRACURUCA 2502;TRES ANDARES;383
2;463;ESCOLA MUNICIPAL PROFESSORA CRISTINA EVANGELISTA;RUA PIRACURUCA 2502;TRES ANDARES;386
2;464;ESCOLA MUNICIPAL PROFESSORA CRISTINA EVANGELISTA;RUA PIRACURUCA 2502;TRES ANDARES;384
2;465;ESCOLA MUNICIPAL PROFESSORA CRISTINA EVANGELISTA;RUA PIRACURUCA 2502;TRES ANDARES;382
2;466;ESCOLA MUNICIPAL PROFESSORA CRISTINA EVANGELISTA;RUA PIRACURUCA 2502;TRES ANDARES;383
2;531;ESCOLA MUNICIPAL PROFESSORA CRISTINA EVANGELISTA;RUA PIRACURUCA 2502;TRES ANDARES;384
2;537;ESCOLA MUNICIPAL PROFESSORA CRISTINA EVANGELISTA;RUA PIRACURUCA 2502;TRES ANDARES;274
2;348;ESCOLA MUNICIPAL PROFESSORA MARIA DO SOCORRO PEREIRA DA SILVA;RUA 04, S/N, ENTRE AS QUADRAS G E J, RESIDENCIAL ESPLANADA;ESPLANADA;375
2;349;ESCOLA MUNICIPAL PROFESSORA MARIA DO SOCORRO PEREIRA DA SILVA;RUA 04, S/N, ENTRE AS QUADRAS G E J, RESIDENCIAL ESPLANADA;ESPLANADA;373
2;350;ESCOLA MUNICIPAL PROFESSORA MARIA DO SOCORRO PEREIRA DA SILVA;RUA 04, S/N, ENTRE AS QUADRAS G E J, RESIDENCIAL ESPLANADA;ESPLANADA;373
2;351;ESCOLA MUNICIPAL PROFESSORA MARIA DO SOCORRO PEREIRA DA SILVA;RUA 04, S/N, ENTRE AS QUADRAS G E J, RESIDENCIAL ESPLANADA;ESPLANADA;375
2;352;ESCOLA MUNICIPAL PROFESSORA MARIA DO SOCORRO PEREIRA DA SILVA;RUA 04, S/N, ENTRE AS QUADRAS G E J, RESIDENCIAL ESPLANADA;ESPLANADA;374
2;353;ESCOLA MUNICIPAL PROFESSORA MARIA DO SOCORRO PEREIRA DA SILVA;RUA 04, S/N, ENTRE AS QUADRAS G E J, RESIDENCIAL ESPLANADA;ESPLANADA;372
2;354;ESCOLA MUNICIPAL PROFESSORA MARIA DO SOCORRO PEREIRA DA SILVA;RUA 04, S/N, ENTRE AS QUADRAS G E J, RESIDENCIAL ESPLANADA;ESPLANADA;375
2;518;ESCOLA MUNICIPAL PROFESSORA MARIA DO SOCORRO PEREIRA DA SILVA;RUA 04, S/N, ENTRE AS QUADRAS G E J, RESIDENCIAL ESPLANADA;ESPLANADA;369
2;534;ESCOLA MUNICIPAL PROFESSORA MARIA DO SOCORRO PEREIRA DA SILVA;RUA 04, S/N, ENTRE AS QUADRAS G E J, RESIDENCIAL ESPLANADA;ESPLANADA;373
2;563;ESCOLA MUNICIPAL PROFESSORA MARIA DO SOCORRO PEREIRA DA SILVA;RUA 04, S/N, ENTRE AS QUADRAS G E J, RESIDENCIAL ESPLANADA;ESPLANADA;377
2;368;ESCOLA MUNICIPAL SANTA CLARA;RUA NENÉM DO VALE S/N;PARQUE JACINTA;307
2;447;ESCOLA MUNICIPAL SANTA CLARA;RUA NENÉM DO VALE S/N;PARQUE JACINTA;353
2;522;ESCOLA MUNICIPAL SANTA CLARA;RUA NENÉM DO VALE S/N;PARQUE JACINTA;270
2;543;ESCOLA MUNICIPAL SANTA CLARA;RUA NENÉM DO VALE S/N;PARQUE JACINTA;271
2;367;ESCOLA MUNICIPAL SÃO JOSÉ;ESTRADA DA ALEGRIA, POVOADO CANTINHO SUL;povoado cantinho sul;367
2;47;ESCOLA MUNICIPAL SIMÕES  FILHO;AV. ABDIAS NEVES S/N;CRISTO REI;340
2;49;ESCOLA MUNICIPAL SIMÕES  FILHO;AV. ABDIAS NEVES S/N;CRISTO REI;351
2;50;ESCOLA MUNICIPAL SIMÕES  FILHO;AV. ABDIAS NEVES S/N;CRISTO REI;349
2;51;ESCOLA MUNICIPAL SIMÕES  FILHO;AV. ABDIAS NEVES S/N;CRISTO REI;343
2;163;ESCOLA MUNICIPAL SIMÕES  FILHO;AV. ABDIAS NEVES S/N;CRISTO REI;341
2;181;ESCOLA MUNICIPAL SIMÕES  FILHO;AV. ABDIAS NEVES S/N;CRISTO REI;339
2;186;ESCOLA MUNICIPAL SIMÕES  FILHO;AV. ABDIAS NEVES S/N;CRISTO REI;376
2;303;ESCOLA MUNICIPAL SIMÕES  FILHO;AV. ABDIAS NEVES S/N;CRISTO REI;348
2;307;ESCOLA MUNICIPAL SIMÕES  FILHO;AV. ABDIAS NEVES S/N;CRISTO REI;338
2;320;ESCOLA MUNICIPAL SIMÕES  FILHO;AV. ABDIAS NEVES S/N;CRISTO REI;338
2;523;ESCOLA MUNICIPAL SIMÕES  FILHO;AV. ABDIAS NEVES S/N;CRISTO REI;339
2;561;ESCOLA MUNICIPAL SIMÕES  FILHO;AV. ABDIAS NEVES S/N;CRISTO REI;341
2;544;ESCOLA MUNICIPAL VELHO MONGE;AV. COMODORO S/N;PORTO ALEGRE;389
2;566;ESCOLA MUNICIPAL VELHO MONGE;AV. COMODORO S/N;PORTO ALEGRE;386
2;550;ESCOLA PADRE ARRUPE;AV. JOÃO RANGEL PARENTE, QUADRA Q;PORTAL DA ALEGRIA;351
2;564;ESCOLA PADRE ARRUPE;AV. JOÃO RANGEL PARENTE, QUADRA Q;PORTAL DA ALEGRIA;346
2;569;ESCOLA PADRE ARRUPE;AV. JOÃO RANGEL PARENTE, QUADRA Q;PORTAL DA ALEGRIA;375
2;576;ESCOLA PADRE ARRUPE;AV. JOÃO RANGEL PARENTE, QUADRA Q;PORTAL DA ALEGRIA;296
2;408;FACULDADE UNINASSAU ALIANÇA;RUA DOUTOR OTTO TITO N 278-306;REDENCAO;328
2;409;FACULDADE UNINASSAU ALIANÇA;RUA DOUTOR OTTO TITO N 278-306;REDENCAO;324
2;410;FACULDADE UNINASSAU ALIANÇA;RUA DOUTOR OTTO TITO N 278-306;REDENCAO;325
2;411;FACULDADE UNINASSAU ALIANÇA;RUA DOUTOR OTTO TITO N 278-306;REDENCAO;326
2;412;FACULDADE UNINASSAU ALIANÇA;RUA DOUTOR OTTO TITO N 278-306;REDENCAO;322
2;413;FACULDADE UNINASSAU ALIANÇA;RUA DOUTOR OTTO TITO N 278-306;REDENCAO;326
2;414;FACULDADE UNINASSAU ALIANÇA;RUA DOUTOR OTTO TITO N 278-306;REDENCAO;324
2;415;FACULDADE UNINASSAU ALIANÇA;RUA DOUTOR OTTO TITO N 278-306;REDENCAO;326
2;416;FACULDADE UNINASSAU ALIANÇA;RUA DOUTOR OTTO TITO N 278-306;REDENCAO;325
2;417;FACULDADE UNINASSAU ALIANÇA;RUA DOUTOR OTTO TITO N 278-306;REDENCAO;325
2;515;FACULDADE UNINASSAU ALIANÇA;RUA DOUTOR OTTO TITO N 278-306;REDENCAO;327
2;530;FACULDADE UNINASSAU ALIANÇA;RUA DOUTOR OTTO TITO N 278-306;REDENCAO;326
2;4;GRUPO EDUCACIONAL CEV;AV. FREI SERAFIM, N. 2135;CABRAL;357
2;191;GRUPO EDUCACIONAL CEV;AV. FREI SERAFIM, N. 2135;CABRAL;356
2;324;GRUPO EDUCACIONAL CEV;AV. FREI SERAFIM, N. 2135;CABRAL;356
2;557;GRUPO EDUCACIONAL CEV;AV. FREI SERAFIM, N. 2135;CABRAL;356
2;334;PREMEN NORTE(ESCOLA TÉCNICA);RUA AREA LEÃO, S/N;VILA OPERARIA;228
2;338;PREMEN NORTE(ESCOLA TÉCNICA);RUA AREA LEÃO, S/N;VILA OPERARIA;216
2;339;PREMEN NORTE(ESCOLA TÉCNICA);RUA AREA LEÃO, S/N;VILA OPERARIA;318
2;340;PREMEN NORTE(ESCOLA TÉCNICA);RUA AREA LEÃO, S/N;VILA OPERARIA;293
2;364;PREMEN NORTE(ESCOLA TÉCNICA);RUA AREA LEÃO, S/N;VILA OPERARIA;258
2;365;PREMEN NORTE(ESCOLA TÉCNICA);RUA AREA LEÃO, S/N;VILA OPERARIA;258
2;366;PREMEN NORTE(ESCOLA TÉCNICA);RUA AREA LEÃO, S/N;VILA OPERARIA;259
2;70;PREMEN ZONA SUL;R. CLIMÉRIO BENTO GONÇALVES, SN;MONTE CASTELO;266
2;71;PREMEN ZONA SUL;R. CLIMÉRIO BENTO GONÇALVES, SN;MONTE CASTELO;262
2;72;PREMEN ZONA SUL;R. CLIMÉRIO BENTO GONÇALVES, SN;MONTE CASTELO;267
2;73;PREMEN ZONA SUL;R. CLIMÉRIO BENTO GONÇALVES, SN;MONTE CASTELO;266
2;74;PREMEN ZONA SUL;R. CLIMÉRIO BENTO GONÇALVES, SN;MONTE CASTELO;268
2;75;PREMEN ZONA SUL;R. CLIMÉRIO BENTO GONÇALVES, SN;MONTE CASTELO;265
2;76;PREMEN ZONA SUL;R. CLIMÉRIO BENTO GONÇALVES, SN;MONTE CASTELO;263
2;77;PREMEN ZONA SUL;R. CLIMÉRIO BENTO GONÇALVES, SN;MONTE CASTELO;264
2;177;PREMEN ZONA SUL;R. CLIMÉRIO BENTO GONÇALVES, SN;MONTE CASTELO;266
2;193;PREMEN ZONA SUL;R. CLIMÉRIO BENTO GONÇALVES, SN;MONTE CASTELO;264
2;300;PREMEN ZONA SUL;R. CLIMÉRIO BENTO GONÇALVES, SN;MONTE CASTELO;263
2;312;PREMEN ZONA SUL;R. CLIMÉRIO BENTO GONÇALVES, SN;MONTE CASTELO;264
2;316;PREMEN ZONA SUL;R. CLIMÉRIO BENTO GONÇALVES, SN;MONTE CASTELO;263
2;355;SENAI;AVENIDA PETRÔNIO PORTELA, 2275;PRIMAVERA;386
2;356;SENAI;AVENIDA PETRÔNIO PORTELA, 2275;PRIMAVERA;388
2;357;SENAI;AVENIDA PETRÔNIO PORTELA, 2275;PRIMAVERA;382
2;541;SENAI;AVENIDA PETRÔNIO PORTELA, 2275;PRIMAVERA;380
2;435;SISTEMA FIEPI;AV INDUSTRIAL GIL MARTINS 1810;REDENCAO;268
2;436;SISTEMA FIEPI;AV INDUSTRIAL GIL MARTINS 1810;REDENCAO;274
2;437;SISTEMA FIEPI;AV INDUSTRIAL GIL MARTINS 1810;REDENCAO;268
2;438;SISTEMA FIEPI;AV INDUSTRIAL GIL MARTINS 1810;REDENCAO;267
2;439;SISTEMA FIEPI;AV INDUSTRIAL GIL MARTINS 1810;REDENCAO;273
2;529;SISTEMA FIEPI;AV INDUSTRIAL GIL MARTINS 1810;REDENCAO;224
2;431;TERMINAL RODOVIÁRIO LUCÍDIO PORTELA;AVENIDA GETÚLIO VARGAS, S/N;PARQUE RODOVIARIO;0
2;570;TERMINAL RODOVIÁRIO LUCÍDIO PORTELA;AVENIDA GETÚLIO VARGAS, S/N;PARQUE RODOVIARIO;0
2;83;U E PROFESSOR JOAO SOARES DA SILVA;RUA ARIMATEIA TITO, 367;MONTE CASTELO;387
2;84;U E PROFESSOR JOAO SOARES DA SILVA;RUA ARIMATEIA TITO, 367;MONTE CASTELO;388
2;85;U E PROFESSOR JOAO SOARES DA SILVA;RUA ARIMATEIA TITO, 367;MONTE CASTELO;387
2;196;U E PROFESSOR JOAO SOARES DA SILVA;RUA ARIMATEIA TITO, 367;MONTE CASTELO;389
2;369;UNIDADE ESCOLAR AURISTELA SOARES LIMA;AV AIRTON SENA, SN;PORTO ALEGRE;396
2;370;UNIDADE ESCOLAR AURISTELA SOARES LIMA;AV AIRTON SENA, SN;PORTO ALEGRE;397
2;371;UNIDADE ESCOLAR AURISTELA SOARES LIMA;AV AIRTON SENA, SN;PORTO ALEGRE;398
2;372;UNIDADE ESCOLAR AURISTELA SOARES LIMA;AV AIRTON SENA, SN;PORTO ALEGRE;396
2;373;UNIDADE ESCOLAR AURISTELA SOARES LIMA;AV AIRTON SENA, SN;PORTO ALEGRE;396
2;374;UNIDADE ESCOLAR AURISTELA SOARES LIMA;AV AIRTON SENA, SN;PORTO ALEGRE;391
2;375;UNIDADE ESCOLAR AURISTELA SOARES LIMA;AV AIRTON SENA, SN;PORTO ALEGRE;396
2;426;UNIDADE ESCOLAR GOVERNADOR ALBERTO SILVA;AVENIDA 15 DE NOVEMBRO -PROX. A PRACA S/N;MORADA NOVA II;382
2;427;UNIDADE ESCOLAR GOVERNADOR ALBERTO SILVA;AVENIDA 15 DE NOVEMBRO -PROX. A PRACA S/N;MORADA NOVA II;378
2;428;UNIDADE ESCOLAR GOVERNADOR ALBERTO SILVA;AVENIDA 15 DE NOVEMBRO -PROX. A PRACA S/N;MORADA NOVA II;381
2;429;UNIDADE ESCOLAR GOVERNADOR ALBERTO SILVA;AVENIDA 15 DE NOVEMBRO -PROX. A PRACA S/N;MORADA NOVA II;382
2;430;UNIDADE ESCOLAR GOVERNADOR ALBERTO SILVA;AVENIDA 15 DE NOVEMBRO -PROX. A PRACA S/N;MORADA NOVA II;381
2;520;UNIDADE ESCOLAR GOVERNADOR ALBERTO SILVA;AVENIDA 15 DE NOVEMBRO -PROX. A PRACA S/N;MORADA NOVA II;380
2;69;UNIDADE ESCOLAR HENRIQUE COUTO;RUA AREA LEAO S/N;MONTE CASTELO;311
2;78;UNIDADE ESCOLAR HENRIQUE COUTO;RUA AREA LEAO S/N;MONTE CASTELO;311
2;79;UNIDADE ESCOLAR HENRIQUE COUTO;RUA AREA LEAO S/N;MONTE CASTELO;311
2;80;UNIDADE ESCOLAR HENRIQUE COUTO;RUA AREA LEAO S/N;MONTE CASTELO;313
2;81;UNIDADE ESCOLAR HENRIQUE COUTO;RUA AREA LEAO S/N;MONTE CASTELO;310
2;82;UNIDADE ESCOLAR HENRIQUE COUTO;RUA AREA LEAO S/N;MONTE CASTELO;314
2;175;UNIDADE ESCOLAR HENRIQUE COUTO;RUA AREA LEAO S/N;MONTE CASTELO;313
2;304;UNIDADE ESCOLAR HENRIQUE COUTO;RUA AREA LEAO S/N;MONTE CASTELO;312
2;423;UNIDADE ESCOLAR JOAO HENRIQUE DE ALMEIDA SOUSA;RUA CÍCERO SOARES, QUADRA 03;MORADA NOVA I;341
2;424;UNIDADE ESCOLAR JOAO HENRIQUE DE ALMEIDA SOUSA;RUA CÍCERO SOARES, QUADRA 03;MORADA NOVA I;336
2;425;UNIDADE ESCOLAR JOAO HENRIQUE DE ALMEIDA SOUSA;RUA CÍCERO SOARES, QUADRA 03;MORADA NOVA I;334
2;559;UNIDADE ESCOLAR JOAO HENRIQUE DE ALMEIDA SOUSA;RUA CÍCERO SOARES, QUADRA 03;MORADA NOVA I;336
2;588;UNIDADE ESCOLAR JOAO HENRIQUE DE ALMEIDA SOUSA;RUA CÍCERO SOARES, QUADRA 03;MORADA NOVA I;28
2;66;UNIDADE ESCOLAR JOSÉ CÂNDIDO FERRAZ;RUA ARIMATEIA TITO, S/N.;MONTE CASTELO;309
2;67;UNIDADE ESCOLAR JOSÉ CÂNDIDO FERRAZ;RUA ARIMATEIA TITO, S/N.;MONTE CASTELO;310
2;68;UNIDADE ESCOLAR JOSÉ CÂNDIDO FERRAZ;RUA ARIMATEIA TITO, S/N.;MONTE CASTELO;309
2;40;UNIDADE ESCOLAR LUCIDIO PORTELA;AV. BARAO DE CASTELO BRANCO S/N;CRISTO REI;334
2;41;UNIDADE ESCOLAR LUCIDIO PORTELA;AV. BARAO DE CASTELO BRANCO S/N;CRISTO REI;333
2;43;UNIDADE ESCOLAR LUCIDIO PORTELA;AV. BARAO DE CASTELO BRANCO S/N;CRISTO REI;333
2;44;UNIDADE ESCOLAR LUCIDIO PORTELA;AV. BARAO DE CASTELO BRANCO S/N;CRISTO REI;334
2;45;UNIDADE ESCOLAR LUCIDIO PORTELA;AV. BARAO DE CASTELO BRANCO S/N;CRISTO REI;334
2;46;UNIDADE ESCOLAR LUCIDIO PORTELA;AV. BARAO DE CASTELO BRANCO S/N;CRISTO REI;334
2;48;UNIDADE ESCOLAR LUCIDIO PORTELA;AV. BARAO DE CASTELO BRANCO S/N;CRISTO REI;333
2;179;UNIDADE ESCOLAR LUCIDIO PORTELA;AV. BARAO DE CASTELO BRANCO S/N;CRISTO REI;334
2;197;UNIDADE ESCOLAR MARECHAL RONDON;RUA PROF. JOSÉ AMÁVEL, 413;CABRAL;391
2;198;UNIDADE ESCOLAR MARECHAL RONDON;RUA PROF. JOSÉ AMÁVEL, 413;CABRAL;395
2;207;UNIDADE ESCOLAR MARECHAL RONDON;RUA PROF. JOSÉ AMÁVEL, 413;CABRAL;199
2;272;UNIDADE ESCOLAR MARECHAL RONDON;RUA PROF. JOSÉ AMÁVEL, 413;CABRAL;202
2;273;UNIDADE ESCOLAR MARECHAL RONDON;RUA PROF. JOSÉ AMÁVEL, 413;CABRAL;205
2;274;UNIDADE ESCOLAR MARECHAL RONDON;RUA PROF. JOSÉ AMÁVEL, 413;CABRAL;199
2;275;UNIDADE ESCOLAR MARECHAL RONDON;RUA PROF. JOSÉ AMÁVEL, 413;CABRAL;206
2;52;UNIDADE ESCOLAR MASCARENHAS DE MORAIS;RUA JOSE OMMATI S/N;ILHOTAS;369
2;53;UNIDADE ESCOLAR MASCARENHAS DE MORAIS;RUA JOSE OMMATI S/N;ILHOTAS;367
2;54;UNIDADE ESCOLAR MASCARENHAS DE MORAIS;RUA JOSE OMMATI S/N;ILHOTAS;368
2;183;UNIDADE ESCOLAR MASCARENHAS DE MORAIS;RUA JOSE OMMATI S/N;ILHOTAS;370
2;517;UNIDADE ESCOLAR MASCARENHAS DE MORAIS;RUA JOSE OMMATI S/N;ILHOTAS;366
2;283;UNIDADE ESCOLAR MATIAS OLÍMPIO;AVENIDA JACOB ALMENDRA, N. 498.;PORENQUANTO;278
2;284;UNIDADE ESCOLAR MATIAS OLÍMPIO;AVENIDA JACOB ALMENDRA, N. 498.;PORENQUANTO;279
2;285;UNIDADE ESCOLAR MATIAS OLÍMPIO;AVENIDA JACOB ALMENDRA, N. 498.;PORENQUANTO;279
2;286;UNIDADE ESCOLAR MATIAS OLÍMPIO;AVENIDA JACOB ALMENDRA, N. 498.;PORENQUANTO;276
2;287;UNIDADE ESCOLAR MATIAS OLÍMPIO;AVENIDA JACOB ALMENDRA, N. 498.;PORENQUANTO;279
2;288;UNIDADE ESCOLAR MATIAS OLÍMPIO;AVENIDA JACOB ALMENDRA, N. 498.;PORENQUANTO;319
2;289;UNIDADE ESCOLAR MATIAS OLÍMPIO;AVENIDA JACOB ALMENDRA, N. 498.;PORENQUANTO;316
2;290;UNIDADE ESCOLAR MATIAS OLÍMPIO;AVENIDA JACOB ALMENDRA, N. 498.;PORENQUANTO;314
2;291;UNIDADE ESCOLAR MATIAS OLÍMPIO;AVENIDA JACOB ALMENDRA, N. 498.;PORENQUANTO;307
2;448;UNIDADE ESCOLAR PROFESSOR JOSE CAMILO DA SILVEIRA FILHO;RUA INÁCIO COSTA FILHO, S/N, (PRÓXIMO À IGREJA DO SANTO ANTÔNIO);SANTO ANTONIO;395
2;449;UNIDADE ESCOLAR PROFESSOR JOSE CAMILO DA SILVEIRA FILHO;RUA INÁCIO COSTA FILHO, S/N, (PRÓXIMO À IGREJA DO SANTO ANTÔNIO);SANTO ANTONIO;392
2;450;UNIDADE ESCOLAR PROFESSOR JOSE CAMILO DA SILVEIRA FILHO;RUA INÁCIO COSTA FILHO, S/N, (PRÓXIMO À IGREJA DO SANTO ANTÔNIO);SANTO ANTONIO;394
2;451;UNIDADE ESCOLAR PROFESSOR JOSE CAMILO DA SILVEIRA FILHO;RUA INÁCIO COSTA FILHO, S/N, (PRÓXIMO À IGREJA DO SANTO ANTÔNIO);SANTO ANTONIO;396
2;452;UNIDADE ESCOLAR PROFESSOR JOSE CAMILO DA SILVEIRA FILHO;RUA INÁCIO COSTA FILHO, S/N, (PRÓXIMO À IGREJA DO SANTO ANTÔNIO);SANTO ANTONIO;394
2;519;UNIDADE ESCOLAR PROFESSOR JOSE CAMILO DA SILVEIRA FILHO;RUA INÁCIO COSTA FILHO, S/N, (PRÓXIMO À IGREJA DO SANTO ANTÔNIO);SANTO ANTONIO;391
2;536;UNIDADE ESCOLAR PROFESSOR JOSE CAMILO DA SILVEIRA FILHO;RUA INÁCIO COSTA FILHO, S/N, (PRÓXIMO À IGREJA DO SANTO ANTÔNIO);SANTO ANTONIO;390
2;341;UNIDADE ESCOLAR SIGEFREDO PACHECO;RUA DÉCIO G. DE OLIVEIRA, S/N;BELA VISTA;375
2;342;UNIDADE ESCOLAR SIGEFREDO PACHECO;RUA DÉCIO G. DE OLIVEIRA, S/N;BELA VISTA;377
2;343;UNIDADE ESCOLAR SIGEFREDO PACHECO;RUA DÉCIO G. DE OLIVEIRA, S/N;BELA VISTA;376
2;344;UNIDADE ESCOLAR SIGEFREDO PACHECO;RUA DÉCIO G. DE OLIVEIRA, S/N;BELA VISTA;371
2;345;UNIDADE ESCOLAR SIGEFREDO PACHECO;RUA DÉCIO G. DE OLIVEIRA, S/N;BELA VISTA;374
2;346;UNIDADE ESCOLAR SIGEFREDO PACHECO;RUA DÉCIO G. DE OLIVEIRA, S/N;BELA VISTA;372
2;347;UNIDADE ESCOLAR SIGEFREDO PACHECO;RUA DÉCIO G. DE OLIVEIRA, S/N;BELA VISTA;369
2;528;UNIDADE ESCOLAR SIGEFREDO PACHECO;RUA DÉCIO G. DE OLIVEIRA, S/N;BELA VISTA;372
2;560;UNIDADE ESCOLAR SIGEFREDO PACHECO;RUA DÉCIO G. DE OLIVEIRA, S/N;BELA VISTA;377
2;276;UNIDADE ESCOLAR SINVAL DE CASTRO;RUA LUCIDIO FREITAS S/N;MARQUES DE PARANAGUA;318
2;277;UNIDADE ESCOLAR SINVAL DE CASTRO;RUA LUCIDIO FREITAS S/N;MARQUES DE PARANAGUA;320
2;278;UNIDADE ESCOLAR SINVAL DE CASTRO;RUA LUCIDIO FREITAS S/N;MARQUES DE PARANAGUA;320
2;279;UNIDADE ESCOLAR SINVAL DE CASTRO;RUA LUCIDIO FREITAS S/N;MARQUES DE PARANAGUA;320
2;309;UNIDADE ESCOLAR SINVAL DE CASTRO;RUA LUCIDIO FREITAS S/N;MARQUES DE PARANAGUA;322
63;150;CENTRO EST EDU PROFISSIONALIZANTE JOSÉ PACÍFICO DE M. NETO;RUA CESAR NEGREIROS BARRO, 3939 NOVO HORIZONTE;NOVO HORIZONTE;342
63;151;CENTRO EST EDU PROFISSIONALIZANTE JOSÉ PACÍFICO DE M. NETO;RUA CESAR NEGREIROS BARRO, 3939 NOVO HORIZONTE;NOVO HORIZONTE;341
63;254;CENTRO EST EDU PROFISSIONALIZANTE JOSÉ PACÍFICO DE M. NETO;RUA CESAR NEGREIROS BARRO, 3939 NOVO HORIZONTE;NOVO HORIZONTE;338
63;269;CENTRO EST EDU PROFISSIONALIZANTE JOSÉ PACÍFICO DE M. NETO;RUA CESAR NEGREIROS BARRO, 3939 NOVO HORIZONTE;NOVO HORIZONTE;343
63;280;CENTRO EST EDU PROFISSIONALIZANTE JOSÉ PACÍFICO DE M. NETO;RUA CESAR NEGREIROS BARRO, 3939 NOVO HORIZONTE;NOVO HORIZONTE;327
63;299;CENTRO EST EDU PROFISSIONALIZANTE JOSÉ PACÍFICO DE M. NETO;RUA CESAR NEGREIROS BARRO, 3939 NOVO HORIZONTE;NOVO HORIZONTE;347
63;336;CENTRO EST EDU PROFISSIONALIZANTE JOSÉ PACÍFICO DE M. NETO;RUA CESAR NEGREIROS BARRO, 3939 NOVO HORIZONTE;NOVO HORIZONTE;347
63;362;CENTRO EST EDU PROFISSIONALIZANTE JOSÉ PACÍFICO DE M. NETO;RUA CESAR NEGREIROS BARRO, 3939 NOVO HORIZONTE;NOVO HORIZONTE;347
63;368;CENTRO EST EDU PROFISSIONALIZANTE JOSÉ PACÍFICO DE M. NETO;RUA CESAR NEGREIROS BARRO, 3939 NOVO HORIZONTE;NOVO HORIZONTE;344
63;372;CENTRO EST EDU PROFISSIONALIZANTE JOSÉ PACÍFICO DE M. NETO;RUA CESAR NEGREIROS BARRO, 3939 NOVO HORIZONTE;NOVO HORIZONTE;344
63;374;CENTRO EST EDU PROFISSIONALIZANTE JOSÉ PACÍFICO DE M. NETO;RUA CESAR NEGREIROS BARRO, 3939 NOVO HORIZONTE;NOVO HORIZONTE;348
63;317;CENTRO MUNICIPAL DE EDUCAÇÃO INFANTIL - CMEI - CHICO XAVIER;RUA RIO VERDE, 2904, RUA 2, RENASCENÇA III;RENASCENÇA;350
63;337;CENTRO MUNICIPAL DE EDUCAÇÃO INFANTIL - CMEI - CHICO XAVIER;RUA RIO VERDE, 2904, RUA 2, RENASCENÇA III;RENASCENÇA;349
63;300;CENTRO MUNICIPAL DE EDUCAÇÃO INFANTIL - CMEI - CLARICE LISPECTOR;RUA ESTUDANTE FÁBIO CÉSAR, 2010;GURUPI;340
63;338;CENTRO MUNICIPAL DE EDUCAÇÃO INFANTIL - CMEI - CLARICE LISPECTOR;RUA ESTUDANTE FÁBIO CÉSAR, 2010;GURUPI;339
63;301;CENTRO MUNICIPAL DE EDUCAÇÃO INFANTIL - CMEI - MARIA JOSÉ ARCOVERDE;RUA DESEMBARGADOR BERILO MOTA, S/N, CONJUNTO DIRCEU ARCOVERDE I;ITARARÉ;352
63;344;CENTRO MUNICIPAL DE EDUCAÇÃO INFANTIL - CMEI - MARIA JOSÉ ARCOVERDE;RUA DESEMBARGADOR BERILO MOTA, S/N, CONJUNTO DIRCEU ARCOVERDE I;ITARARÉ;349
63;313;CENTRO MUNICIPAL DE EDUCAÇÃO INFANTIL - CMEI - NOVO MILÊNIO;RUA DIEGO MADEIRA CAMPOS 585;TODOS OS SANTOS;267
63;340;CENTRO MUNICIPAL DE EDUCAÇÃO INFANTIL - CMEI - NOVO MILÊNIO;RUA DIEGO MADEIRA CAMPOS 585;TODOS OS SANTOS;271
63;314;CENTRO MUNICIPAL DE EDUCAÇÃO INFANTIL - CMEI - PARQUE ESPERANÇA;RUA PROFESSOR JOSÉ DE SENA, S/N, PARQUE ESPERANÇA;EXTREMA;270
63;348;CENTRO MUNICIPAL DE EDUCAÇÃO INFANTIL - CMEI - PARQUE ESPERANÇA;RUA PROFESSOR JOSÉ DE SENA, S/N, PARQUE ESPERANÇA;EXTREMA;272
63;318;CENTRO MUNICIPAL DE EDUCAÇÃO INFANTIL - CMEI - RECANTO DOS PÁSSAROS;QUADRA B5 6N 6000 LOTEAMENTO RECANTO DOS PÁSSAROS ;BOM PRINCÍPIO;104
63;351;CENTRO MUNICIPAL DE EDUCAÇÃO INFANTIL - CMEI - RECANTO DOS PÁSSAROS;QUADRA B5 6N 6000 LOTEAMENTO RECANTO DOS PÁSSAROS ;BOM PRINCÍPIO;105
63;221;CENTRO MUNICIPAL DE EDUCAÇÃO INFANTIL FRANCISCA MARQUES - CMEI;RUA TELEGRAFISTA SEBASTIÃO PORTELA N. 3143;SÃO JOÃO;288
63;359;CENTRO MUNICIPAL DE EDUCAÇÃO INFANTIL FRANCISCA MARQUES - CMEI;RUA TELEGRAFISTA SEBASTIÃO PORTELA N. 3143;SÃO JOÃO;338
63;371;CENTRO MUNICIPAL DE EDUCAÇÃO INFANTIL FRANCISCA MARQUES - CMEI;RUA TELEGRAFISTA SEBASTIÃO PORTELA N. 3143;SÃO JOÃO;340
63;379;CENTRO MUNICIPAL DE EDUCAÇÃO INFANTIL FRANCISCA MARQUES - CMEI;RUA TELEGRAFISTA SEBASTIÃO PORTELA N. 3143;SÃO JOÃO;55
63;180;CENTRO MUNICIPAL DE EDUCAÇÃO INFANTIL JOÃO PAULO II;RUA PARAÍSO, S/N, LOTEAMENTO VERDE CAP III;SANTANA;301
63;320;CENTRO MUNICIPAL DE EDUCAÇÃO INFANTIL JOÃO PAULO II;RUA PARAÍSO, S/N, LOTEAMENTO VERDE CAP III;SANTANA;254
63;358;CENTRO MUNICIPAL DE EDUCAÇÃO INFANTIL NOSSA SENHORA DA GUIA - CMEI;RUA SEIS COM A GABRIEL SOARES, S/N, VILA NOSSA SENHORA DA GUIA;BEIRA RIO;212
63;128;CENTRO MUNICIPAL DE EDUCAÇÃO INFANTIL VILA MARIANA FORTES - CMEI;RUA ANCHIETA, N. 2112, VILA MARIANA FORTES,CONJUNTO DIRCEU ARCOVERDE I;ITARARÉ;346
63;356;CENTRO MUNICIPAL DE EDUCAÇÃO INFANTIL VILA MARIANA FORTES - CMEI;RUA ANCHIETA, N. 2112, VILA MARIANA FORTES,CONJUNTO DIRCEU ARCOVERDE I;ITARARÉ;217
63;46;CETI DIDÁCIO SILVA;CONJUNTO DIRCEU ARCOVERDE II, RUA OITENTA, 2975;ITARARÉ;351
63;47;CETI DIDÁCIO SILVA;CONJUNTO DIRCEU ARCOVERDE II, RUA OITENTA, 2975;ITARARÉ;336
63;48;CETI DIDÁCIO SILVA;CONJUNTO DIRCEU ARCOVERDE II, RUA OITENTA, 2975;ITARARÉ;344
63;49;CETI DIDÁCIO SILVA;CONJUNTO DIRCEU ARCOVERDE II, RUA OITENTA, 2975;ITARARÉ;337
63;50;CETI DIDÁCIO SILVA;CONJUNTO DIRCEU ARCOVERDE II, RUA OITENTA, 2975;ITARARÉ;338
63;141;CETI DIDÁCIO SILVA;CONJUNTO DIRCEU ARCOVERDE II, RUA OITENTA, 2975;ITARARÉ;338
63;294;CETI DIDÁCIO SILVA;CONJUNTO DIRCEU ARCOVERDE II, RUA OITENTA, 2975;ITARARÉ;315
63;119;CETI MARIA DA CONCEIÇÃO SALOMÉ;CONJUNTO RENASCENÇA II, RUA SETE, 6006;RENASCENÇA;334
63;120;CETI MARIA DA CONCEIÇÃO SALOMÉ;CONJUNTO RENASCENÇA II, RUA SETE, 6006;RENASCENÇA;329
63;121;CETI MARIA DA CONCEIÇÃO SALOMÉ;CONJUNTO RENASCENÇA II, RUA SETE, 6006;RENASCENÇA;338
63;122;CETI MARIA DA CONCEIÇÃO SALOMÉ;CONJUNTO RENASCENÇA II, RUA SETE, 6006;RENASCENÇA;331
63;123;CETI MARIA DA CONCEIÇÃO SALOMÉ;CONJUNTO RENASCENÇA II, RUA SETE, 6006;RENASCENÇA;346
63;124;CETI MARIA DA CONCEIÇÃO SALOMÉ;CONJUNTO RENASCENÇA II, RUA SETE, 6006;RENASCENÇA;328
63;251;CETI MARIA DA CONCEIÇÃO SALOMÉ;CONJUNTO RENASCENÇA II, RUA SETE, 6006;RENASCENÇA;337
63;255;CETI MARIA DA CONCEIÇÃO SALOMÉ;CONJUNTO RENASCENÇA II, RUA SETE, 6006;RENASCENÇA;351
63;304;CETI MARIA DA CONCEIÇÃO SALOMÉ;CONJUNTO RENASCENÇA II, RUA SETE, 6006;RENASCENÇA;326
63;143;CETI MODESTINA BEZERRA;RUA JAIME FORTES, 3364 - PRAÇA DO NOVO HORIZONTE;NOVO HORIZONTE;325
63;144;CETI MODESTINA BEZERRA;RUA JAIME FORTES, 3364 - PRAÇA DO NOVO HORIZONTE;NOVO HORIZONTE;342
63;145;CETI MODESTINA BEZERRA;RUA JAIME FORTES, 3364 - PRAÇA DO NOVO HORIZONTE;NOVO HORIZONTE;349
63;146;CETI MODESTINA BEZERRA;RUA JAIME FORTES, 3364 - PRAÇA DO NOVO HORIZONTE;NOVO HORIZONTE;336
63;147;CETI MODESTINA BEZERRA;RUA JAIME FORTES, 3364 - PRAÇA DO NOVO HORIZONTE;NOVO HORIZONTE;329
63;148;CETI MODESTINA BEZERRA;RUA JAIME FORTES, 3364 - PRAÇA DO NOVO HORIZONTE;NOVO HORIZONTE;338
63;149;CETI MODESTINA BEZERRA;RUA JAIME FORTES, 3364 - PRAÇA DO NOVO HORIZONTE;NOVO HORIZONTE;333
63;51;CETI PROFESSOR MILTON AGUIAR;CONJUNTO DIRCEU ARCOVERDE II,RUA 54, 3341,PRÓXIMO AO TERMINAL DO METRÔ;ITARARÉ;285
63;52;CETI PROFESSOR MILTON AGUIAR;CONJUNTO DIRCEU ARCOVERDE II,RUA 54, 3341,PRÓXIMO AO TERMINAL DO METRÔ;ITARARÉ;292
63;53;CETI PROFESSOR MILTON AGUIAR;CONJUNTO DIRCEU ARCOVERDE II,RUA 54, 3341,PRÓXIMO AO TERMINAL DO METRÔ;ITARARÉ;302
63;54;CETI PROFESSOR MILTON AGUIAR;CONJUNTO DIRCEU ARCOVERDE II,RUA 54, 3341,PRÓXIMO AO TERMINAL DO METRÔ;ITARARÉ;283
63;55;CETI PROFESSOR MILTON AGUIAR;CONJUNTO DIRCEU ARCOVERDE II,RUA 54, 3341,PRÓXIMO AO TERMINAL DO METRÔ;ITARARÉ;287
63;88;CETI PROFESSOR MILTON AGUIAR;CONJUNTO DIRCEU ARCOVERDE II,RUA 54, 3341,PRÓXIMO AO TERMINAL DO METRÔ;ITARARÉ;289
63;89;CETI PROFESSOR MILTON AGUIAR;CONJUNTO DIRCEU ARCOVERDE II,RUA 54, 3341,PRÓXIMO AO TERMINAL DO METRÔ;ITARARÉ;301
63;90;CETI PROFESSOR MILTON AGUIAR;CONJUNTO DIRCEU ARCOVERDE II,RUA 54, 3341,PRÓXIMO AO TERMINAL DO METRÔ;ITARARÉ;303
63;91;CETI PROFESSOR MILTON AGUIAR;CONJUNTO DIRCEU ARCOVERDE II,RUA 54, 3341,PRÓXIMO AO TERMINAL DO METRÔ;ITARARÉ;295
63;92;CETI PROFESSOR MILTON AGUIAR;CONJUNTO DIRCEU ARCOVERDE II,RUA 54, 3341,PRÓXIMO AO TERMINAL DO METRÔ;ITARARÉ;291
63;93;CETI PROFESSOR MILTON AGUIAR;CONJUNTO DIRCEU ARCOVERDE II,RUA 54, 3341,PRÓXIMO AO TERMINAL DO METRÔ;ITARARÉ;288
63;56;CETI PROFESSOR PIRES DE CASTRO;CJ DIRCEU ARCOVERDE II, RUA 54, 3379;ITARARÉ;303
63;57;CETI PROFESSOR PIRES DE CASTRO;CJ DIRCEU ARCOVERDE II, RUA 54, 3379;ITARARÉ;301
63;58;CETI PROFESSOR PIRES DE CASTRO;CJ DIRCEU ARCOVERDE II, RUA 54, 3379;ITARARÉ;304
63;59;CETI PROFESSOR PIRES DE CASTRO;CJ DIRCEU ARCOVERDE II, RUA 54, 3379;ITARARÉ;298
63;60;CETI PROFESSOR PIRES DE CASTRO;CJ DIRCEU ARCOVERDE II, RUA 54, 3379;ITARARÉ;300
63;61;CETI PROFESSOR PIRES DE CASTRO;CJ DIRCEU ARCOVERDE II, RUA 54, 3379;ITARARÉ;310
63;62;CETI PROFESSOR PIRES DE CASTRO;CJ DIRCEU ARCOVERDE II, RUA 54, 3379;ITARARÉ;291
63;63;CETI PROFESSOR PIRES DE CASTRO;CJ DIRCEU ARCOVERDE II, RUA 54, 3379;ITARARÉ;297
63;64;CETI PROFESSOR PIRES DE CASTRO;CJ DIRCEU ARCOVERDE II, RUA 54, 3379;ITARARÉ;299
63;65;CETI PROFESSOR PIRES DE CASTRO;CJ DIRCEU ARCOVERDE II, RUA 54, 3379;ITARARÉ;291
63;66;CETI PROFESSOR PIRES DE CASTRO;CJ DIRCEU ARCOVERDE II, RUA 54, 3379;ITARARÉ;297
63;76;CETI PROFESSOR PIRES DE CASTRO;CJ DIRCEU ARCOVERDE II, RUA 54, 3379;ITARARÉ;310
63;77;CETI PROFESSOR PIRES DE CASTRO;CJ DIRCEU ARCOVERDE II, RUA 54, 3379;ITARARÉ;311
63;78;CETI PROFESSOR PIRES DE CASTRO;CJ DIRCEU ARCOVERDE II, RUA 54, 3379;ITARARÉ;297
63;79;CETI PROFESSOR PIRES DE CASTRO;CJ DIRCEU ARCOVERDE II, RUA 54, 3379;ITARARÉ;295
63;80;CETI PROFESSOR PIRES DE CASTRO;CJ DIRCEU ARCOVERDE II, RUA 54, 3379;ITARARÉ;300
63;81;CETI PROFESSOR PIRES DE CASTRO;CJ DIRCEU ARCOVERDE II, RUA 54, 3379;ITARARÉ;301
63;142;CMEI - CENTRO MUNICIPAL DE EDUCAÇÃO INFANTIL - GILCA VANESSA;RUA RONDÔNIA, 4011;VILA CORONEL CARLOS FALCÃO;164
63;341;CMEI - CENTRO MUNICIPAL DE EDUCAÇÃO INFANTIL - GILCA VANESSA;RUA RONDÔNIA, 4011;VILA CORONEL CARLOS FALCÃO;166
63;239;CMEI - CENTRO MUNICIPAL DE EDUCAÇÃO INFANTIL -SAGRADO CORAÇÃO DE JESUS;AVENIDA PRINCIPAL, S/N, POVOADO TABOCA DO PAU FERRADO;ZONA RURAL;335
63;355;CMEI - CENTRO MUNICIPAL DE EDUCAÇÃO INFANTIL -SAGRADO CORAÇÃO DE JESUS;AVENIDA PRINCIPAL, S/N, POVOADO TABOCA DO PAU FERRADO;ZONA RURAL;336
63;6;CRAS - SUDESTE II (ANTIGO NAI);RUA BRENO TEODOMIRO DE CARVALHO, 2539 DIRCEU ARCOVERDE I;ITARARÉ;307
63;7;CRAS - SUDESTE II (ANTIGO NAI);RUA BRENO TEODOMIRO DE CARVALHO, 2539 DIRCEU ARCOVERDE I;ITARARÉ;304
63;37;CRAS - SUDESTE II (ANTIGO NAI);RUA BRENO TEODOMIRO DE CARVALHO, 2539 DIRCEU ARCOVERDE I;ITARARÉ;308
63;38;CRAS - SUDESTE II (ANTIGO NAI);RUA BRENO TEODOMIRO DE CARVALHO, 2539 DIRCEU ARCOVERDE I;ITARARÉ;307
63;39;CRAS - SUDESTE II (ANTIGO NAI);RUA BRENO TEODOMIRO DE CARVALHO, 2539 DIRCEU ARCOVERDE I;ITARARÉ;308
63;40;CRAS - SUDESTE II (ANTIGO NAI);RUA BRENO TEODOMIRO DE CARVALHO, 2539 DIRCEU ARCOVERDE I;ITARARÉ;309
63;345;CRAS - SUDESTE II (ANTIGO NAI);RUA BRENO TEODOMIRO DE CARVALHO, 2539 DIRCEU ARCOVERDE I;ITARARÉ;309
63;126;CRAS SUDESTE III - (ANTIGO NAI);RUA CANASTRA, 2714;COLORADO;326
63;127;CRAS SUDESTE III - (ANTIGO NAI);RUA CANASTRA, 2714;COLORADO;335
63;227;CRECHE COMUNITÁRIA VILA FREI DAMIÃO;RUA SÃO JOSÉ DE RIBAMAR, S/N, VILA FREI DAMIÃO;GURUPI;333
63;228;CRECHE COMUNITÁRIA VILA FREI DAMIÃO;RUA SÃO JOSÉ DE RIBAMAR, S/N, VILA FREI DAMIÃO;GURUPI;322
63;256;CRECHE COMUNITÁRIA VILA FREI DAMIÃO;RUA SÃO JOSÉ DE RIBAMAR, S/N, VILA FREI DAMIÃO;GURUPI;328
63;272;CRECHE COMUNITÁRIA VILA FREI DAMIÃO;RUA SÃO JOSÉ DE RIBAMAR, S/N, VILA FREI DAMIÃO;GURUPI;288
63;307;CRECHE COMUNITÁRIA VILA FREI DAMIÃO;RUA SÃO JOSÉ DE RIBAMAR, S/N, VILA FREI DAMIÃO;GURUPI;131
63;198;DNIT - DEPARTAMENTO NACIONAL DE INFRA-ESTRUTURA DE TRANSPORTES;AVENIDA JOÃO XXIII, 1316, TEL 3232-1972 / 3232-1971;NOIVOS;393
63;199;DNIT - DEPARTAMENTO NACIONAL DE INFRA-ESTRUTURA DE TRANSPORTES;AVENIDA JOÃO XXIII, 1316, TEL 3232-1972 / 3232-1971;NOIVOS;394
63;200;DNIT - DEPARTAMENTO NACIONAL DE INFRA-ESTRUTURA DE TRANSPORTES;AVENIDA JOÃO XXIII, 1316, TEL 3232-1972 / 3232-1971;NOIVOS;390
63;279;DNIT - DEPARTAMENTO NACIONAL DE INFRA-ESTRUTURA DE TRANSPORTES;AVENIDA JOÃO XXIII, 1316, TEL 3232-1972 / 3232-1971;NOIVOS;387
63;376;DNIT - DEPARTAMENTO NACIONAL DE INFRA-ESTRUTURA DE TRANSPORTES;AVENIDA JOÃO XXIII, 1316, TEL 3232-1972 / 3232-1971;NOIVOS;106
63;258;ESCOLA MUNICIPAL ALTINA CASTELO BRANCO ;RUA ADÃO MEDEIROS SOARES, 2945 ;PARQUE IDEAL;345
63;290;ESCOLA MUNICIPAL ALTINA CASTELO BRANCO ;RUA ADÃO MEDEIROS SOARES, 2945 ;PARQUE IDEAL;346
63;310;ESCOLA MUNICIPAL ALTINA CASTELO BRANCO ;RUA ADÃO MEDEIROS SOARES, 2945 ;PARQUE IDEAL;347
63;332;ESCOLA MUNICIPAL ALTINA CASTELO BRANCO ;RUA ADÃO MEDEIROS SOARES, 2945 ;PARQUE IDEAL;344
63;375;ESCOLA MUNICIPAL ALTINA CASTELO BRANCO ;RUA ADÃO MEDEIROS SOARES, 2945 ;PARQUE IDEAL;111
63;190;ESCOLA MUNICIPAL ANGOLÁ;POVOADO ANGOLÁ, S/N;ZONA RURAL;265
63;354;ESCOLA MUNICIPAL ANGOLÁ;POVOADO ANGOLÁ, S/N;ZONA RURAL;105
63;165;ESCOLA MUNICIPAL ANTONIO FERRAZ;RUA SANTO ANTONIO, S/N;TODOS OS SANTOS;348
63;166;ESCOLA MUNICIPAL ANTONIO FERRAZ;RUA SANTO ANTONIO, S/N;TODOS OS SANTOS;348
63;266;ESCOLA MUNICIPAL ANTONIO FERRAZ;RUA SANTO ANTONIO, S/N;TODOS OS SANTOS;348
63;288;ESCOLA MUNICIPAL ANTONIO FERRAZ;RUA SANTO ANTONIO, S/N;TODOS OS SANTOS;346
63;192;ESCOLA MUNICIPAL AREOLINO LEÔNCIO DA SILVA - EMALS;POVOADO BOQUINHA, S/N;ZONA RURAL;147
63;193;ESCOLA MUNICIPAL AREOLINO LEÔNCIO DA SILVA - EMALS;POVOADO BOQUINHA, S/N;ZONA RURAL;157
63;194;ESCOLA MUNICIPAL AREOLINO LEÔNCIO DA SILVA - EMALS;POVOADO BOQUINHA, S/N;ZONA RURAL;159
63;195;ESCOLA MUNICIPAL AREOLINO LEÔNCIO DA SILVA - EMALS;POVOADO BOQUINHA, S/N;ZONA RURAL;158
63;347;ESCOLA MUNICIPAL AREOLINO LEÔNCIO DA SILVA - EMALS;POVOADO BOQUINHA, S/N;ZONA RURAL;129
63;181;ESCOLA MUNICIPAL ARTHUR MEDEIROS CARNEIRO;ESTRADA DA USINA SANTANA, S/N, JARDIM EUROPA, TEL 3235-9965;SANTANA;350
63;182;ESCOLA MUNICIPAL ARTHUR MEDEIROS CARNEIRO;ESTRADA DA USINA SANTANA, S/N, JARDIM EUROPA, TEL 3235-9965;SANTANA;349
63;183;ESCOLA MUNICIPAL ARTHUR MEDEIROS CARNEIRO;ESTRADA DA USINA SANTANA, S/N, JARDIM EUROPA, TEL 3235-9965;SANTANA;348
63;184;ESCOLA MUNICIPAL ARTHUR MEDEIROS CARNEIRO;ESTRADA DA USINA SANTANA, S/N, JARDIM EUROPA, TEL 3235-9965;SANTANA;353
63;185;ESCOLA MUNICIPAL ARTHUR MEDEIROS CARNEIRO;ESTRADA DA USINA SANTANA, S/N, JARDIM EUROPA, TEL 3235-9965;SANTANA;351
63;186;ESCOLA MUNICIPAL ARTHUR MEDEIROS CARNEIRO;ESTRADA DA USINA SANTANA, S/N, JARDIM EUROPA, TEL 3235-9965;SANTANA;349
63;306;ESCOLA MUNICIPAL ARTHUR MEDEIROS CARNEIRO;ESTRADA DA USINA SANTANA, S/N, JARDIM EUROPA, TEL 3235-9965;SANTANA;350
63;125;ESCOLA MUNICIPAL BARJAS NEGRI;RESIDENCIAL SOL NASCENTE, RUA FISCAL ENOQUE SOARES 1000;REDONDA;345
63;262;ESCOLA MUNICIPAL BARJAS NEGRI;RESIDENCIAL SOL NASCENTE, RUA FISCAL ENOQUE SOARES 1000;REDONDA;328
63;268;ESCOLA MUNICIPAL BARJAS NEGRI;RESIDENCIAL SOL NASCENTE, RUA FISCAL ENOQUE SOARES 1000;REDONDA;310
63;270;ESCOLA MUNICIPAL BARJAS NEGRI;RESIDENCIAL SOL NASCENTE, RUA FISCAL ENOQUE SOARES 1000;REDONDA;332
63;277;ESCOLA MUNICIPAL BARJAS NEGRI;RESIDENCIAL SOL NASCENTE, RUA FISCAL ENOQUE SOARES 1000;REDONDA;320
63;286;ESCOLA MUNICIPAL BARJAS NEGRI;RESIDENCIAL SOL NASCENTE, RUA FISCAL ENOQUE SOARES 1000;REDONDA;308
63;308;ESCOLA MUNICIPAL BARJAS NEGRI;RESIDENCIAL SOL NASCENTE, RUA FISCAL ENOQUE SOARES 1000;REDONDA;306
63;333;ESCOLA MUNICIPAL BARJAS NEGRI;RESIDENCIAL SOL NASCENTE, RUA FISCAL ENOQUE SOARES 1000;REDONDA;310
63;178;ESCOLA MUNICIPAL BOM PRINCÍPIO;ESTRADA PROFESSOR CAMILO FILHO, 7211;BOM PRINCÍPIO;275
63;179;ESCOLA MUNICIPAL BOM PRINCÍPIO;ESTRADA PROFESSOR CAMILO FILHO, 7211;BOM PRINCÍPIO;276
63;302;ESCOLA MUNICIPAL BOM PRINCÍPIO;ESTRADA PROFESSOR CAMILO FILHO, 7211;BOM PRINCÍPIO;281
63;326;ESCOLA MUNICIPAL BOM PRINCÍPIO;ESTRADA PROFESSOR CAMILO FILHO, 7211;BOM PRINCÍPIO;186
63;328;ESCOLA MUNICIPAL BOM PRINCÍPIO;ESTRADA PROFESSOR CAMILO FILHO, 7211;BOM PRINCÍPIO;182
63;188;ESCOLA MUNICIPAL CENTRO DOS AFONSINHOS;POVOADO CENTRO DOS AFONSINHOS - SUDESTE NO. 2135;ZONA RURAL;117
63;189;ESCOLA MUNICIPAL CENTRO DOS AFONSINHOS;POVOADO CENTRO DOS AFONSINHOS - SUDESTE NO. 2135;ZONA RURAL;320
63;350;ESCOLA MUNICIPAL CENTRO DOS AFONSINHOS;POVOADO CENTRO DOS AFONSINHOS - SUDESTE NO. 2135;ZONA RURAL;115
63;196;ESCOLA MUNICIPAL CHAPADINHA;POVOADO CHAPADINHA SUDESTE;ZONA RURAL;133
63;353;ESCOLA MUNICIPAL CHAPADINHA;POVOADO CHAPADINHA SUDESTE;ZONA RURAL;36
63;132;ESCOLA MUNICIPAL DA EXTREMA;AVENIDA SÃO FRANCISCO, 3165, TEL. 3236 6551;EXTREMA;353
63;133;ESCOLA MUNICIPAL DA EXTREMA;AVENIDA SÃO FRANCISCO, 3165, TEL. 3236 6551;EXTREMA;351
63;134;ESCOLA MUNICIPAL DA EXTREMA;AVENIDA SÃO FRANCISCO, 3165, TEL. 3236 6551;EXTREMA;349
63;135;ESCOLA MUNICIPAL DA EXTREMA;AVENIDA SÃO FRANCISCO, 3165, TEL. 3236 6551;EXTREMA;362
63;136;ESCOLA MUNICIPAL DA EXTREMA;AVENIDA SÃO FRANCISCO, 3165, TEL. 3236 6551;EXTREMA;340
63;265;ESCOLA MUNICIPAL DA EXTREMA;AVENIDA SÃO FRANCISCO, 3165, TEL. 3236 6551;EXTREMA;356
63;281;ESCOLA MUNICIPAL DA EXTREMA;AVENIDA SÃO FRANCISCO, 3165, TEL. 3236 6551;EXTREMA;333
63;369;ESCOLA MUNICIPAL DA EXTREMA;AVENIDA SÃO FRANCISCO, 3165, TEL. 3236 6551;EXTREMA;191
63;237;ESCOLA MUNICIPAL DEPUTADO HUMBERTO REIS DA SILVEIRA;RUA QUATRO, 1514 - LOTEAMENTO VITÓRIA ;GURUPI;347
63;238;ESCOLA MUNICIPAL DEPUTADO HUMBERTO REIS DA SILVEIRA;RUA QUATRO, 1514 - LOTEAMENTO VITÓRIA ;GURUPI;348
63;257;ESCOLA MUNICIPAL DEPUTADO HUMBERTO REIS DA SILVEIRA;RUA QUATRO, 1514 - LOTEAMENTO VITÓRIA ;GURUPI;352
63;284;ESCOLA MUNICIPAL DEPUTADO HUMBERTO REIS DA SILVEIRA;RUA QUATRO, 1514 - LOTEAMENTO VITÓRIA ;GURUPI;346
63;187;ESCOLA MUNICIPAL DONA ISABEL PEREIRA;POVOADO  ATALAIA, S/N;ZONA RURAL;78
63;242;ESCOLA MUNICIPAL DONA ISABEL PEREIRA;POVOADO  ATALAIA, S/N;ZONA RURAL;282
63;243;ESCOLA MUNICIPAL DONA ISABEL PEREIRA;POVOADO  ATALAIA, S/N;ZONA RURAL;261
63;261;ESCOLA MUNICIPAL DONA ISABEL PEREIRA;POVOADO  ATALAIA, S/N;ZONA RURAL;159
63;197;ESCOLA MUNICIPAL LIMOEIRO;POVOADO CAMPESTRE SUDESTE, S/N;ZONA RURAL;138
63;298;ESCOLA MUNICIPAL LUNALVA COSTA;RUA 54, N 3311, CONJUNTO DIRCEU ARCOVERDE II;ITARARÉ;348
63;327;ESCOLA MUNICIPAL LUNALVA COSTA;RUA 54, N 3311, CONJUNTO DIRCEU ARCOVERDE II;ITARARÉ;350
63;296;ESCOLA MUNICIPAL MACHADO DE ASSIS ;RUA 17, N 2369, VILA PARIS, CONJUNTO RENASCENÇA III ;RENASCENÇA;339
63;343;ESCOLA MUNICIPAL MACHADO DE ASSIS ;RUA 17, N 2369, VILA PARIS, CONJUNTO RENASCENÇA III ;RENASCENÇA;329
63;373;ESCOLA MUNICIPAL MACHADO DE ASSIS ;RUA 17, N 2369, VILA PARIS, CONJUNTO RENASCENÇA III ;RENASCENÇA;172
63;240;ESCOLA MUNICIPAL MANOEL ALVES DE OLIVEIRA;POVOADO TABOCA DO PAU FERRADO;ZONA RURAL;309
63;241;ESCOLA MUNICIPAL MANOEL ALVES DE OLIVEIRA;POVOADO TABOCA DO PAU FERRADO;ZONA RURAL;310
63;292;ESCOLA MUNICIPAL MANOEL ALVES DE OLIVEIRA;POVOADO TABOCA DO PAU FERRADO;ZONA RURAL;308
63;229;ESCOLA MUNICIPAL MÁRIO COVAS;AVENIDA ALCIRA RIBEIRO DE CARVALHO, 7009, RES FREI DAMIÃO;GURUPI;347
63;230;ESCOLA MUNICIPAL MÁRIO COVAS;AVENIDA ALCIRA RIBEIRO DE CARVALHO, 7009, RES FREI DAMIÃO;GURUPI;345
63;231;ESCOLA MUNICIPAL MÁRIO COVAS;AVENIDA ALCIRA RIBEIRO DE CARVALHO, 7009, RES FREI DAMIÃO;GURUPI;350
63;232;ESCOLA MUNICIPAL MÁRIO COVAS;AVENIDA ALCIRA RIBEIRO DE CARVALHO, 7009, RES FREI DAMIÃO;GURUPI;347
63;233;ESCOLA MUNICIPAL MÁRIO COVAS;AVENIDA ALCIRA RIBEIRO DE CARVALHO, 7009, RES FREI DAMIÃO;GURUPI;343
63;234;ESCOLA MUNICIPAL MÁRIO COVAS;AVENIDA ALCIRA RIBEIRO DE CARVALHO, 7009, RES FREI DAMIÃO;GURUPI;349
63;235;ESCOLA MUNICIPAL MÁRIO COVAS;AVENIDA ALCIRA RIBEIRO DE CARVALHO, 7009, RES FREI DAMIÃO;GURUPI;345
63;236;ESCOLA MUNICIPAL MÁRIO COVAS;AVENIDA ALCIRA RIBEIRO DE CARVALHO, 7009, RES FREI DAMIÃO;GURUPI;338
63;365;ESCOLA MUNICIPAL MÁRIO COVAS;AVENIDA ALCIRA RIBEIRO DE CARVALHO, 7009, RES FREI DAMIÃO;GURUPI;341
63;357;ESCOLA MUNICIPAL MÁRIO QUINTANA;RUA 5, N. 962, CONJUNTO RESIDENCIAL FORTES;COMPRIDA;242
63;173;ESCOLA MUNICIPAL O. G. REGO DE CARVALHO;RUA ANA HELENA BASILIO 573 RES FIRMINO FILHO;SÃO SEBASTIÃO;346
63;174;ESCOLA MUNICIPAL O. G. REGO DE CARVALHO;RUA ANA HELENA BASILIO 573 RES FIRMINO FILHO;SÃO SEBASTIÃO;347
63;175;ESCOLA MUNICIPAL O. G. REGO DE CARVALHO;RUA ANA HELENA BASILIO 573 RES FIRMINO FILHO;SÃO SEBASTIÃO;353
63;263;ESCOLA MUNICIPAL O. G. REGO DE CARVALHO;RUA ANA HELENA BASILIO 573 RES FIRMINO FILHO;SÃO SEBASTIÃO;357
63;287;ESCOLA MUNICIPAL O. G. REGO DE CARVALHO;RUA ANA HELENA BASILIO 573 RES FIRMINO FILHO;SÃO SEBASTIÃO;340
63;363;ESCOLA MUNICIPAL O. G. REGO DE CARVALHO;RUA ANA HELENA BASILIO 573 RES FIRMINO FILHO;SÃO SEBASTIÃO;343
63;378;ESCOLA MUNICIPAL O. G. REGO DE CARVALHO;RUA ANA HELENA BASILIO 573 RES FIRMINO FILHO;SÃO SEBASTIÃO;50
63;98;ESCOLA MUNICIPAL PARQUE ITARARÉ (ESCOLÃO);RUA JORNALISTA ANTONIO DINIZ, 2834;ITARARÉ;312
63;99;ESCOLA MUNICIPAL PARQUE ITARARÉ (ESCOLÃO);RUA JORNALISTA ANTONIO DINIZ, 2834;ITARARÉ;302
63;100;ESCOLA MUNICIPAL PARQUE ITARARÉ (ESCOLÃO);RUA JORNALISTA ANTONIO DINIZ, 2834;ITARARÉ;311
63;101;ESCOLA MUNICIPAL PARQUE ITARARÉ (ESCOLÃO);RUA JORNALISTA ANTONIO DINIZ, 2834;ITARARÉ;312
63;102;ESCOLA MUNICIPAL PARQUE ITARARÉ (ESCOLÃO);RUA JORNALISTA ANTONIO DINIZ, 2834;ITARARÉ;310
63;103;ESCOLA MUNICIPAL PARQUE ITARARÉ (ESCOLÃO);RUA JORNALISTA ANTONIO DINIZ, 2834;ITARARÉ;316
63;104;ESCOLA MUNICIPAL PARQUE ITARARÉ (ESCOLÃO);RUA JORNALISTA ANTONIO DINIZ, 2834;ITARARÉ;301
63;105;ESCOLA MUNICIPAL PARQUE ITARARÉ (ESCOLÃO);RUA JORNALISTA ANTONIO DINIZ, 2834;ITARARÉ;311
63;106;ESCOLA MUNICIPAL PARQUE ITARARÉ (ESCOLÃO);RUA JORNALISTA ANTONIO DINIZ, 2834;ITARARÉ;313
63;107;ESCOLA MUNICIPAL PARQUE ITARARÉ (ESCOLÃO);RUA JORNALISTA ANTONIO DINIZ, 2834;ITARARÉ;306
63;108;ESCOLA MUNICIPAL PARQUE ITARARÉ (ESCOLÃO);RUA JORNALISTA ANTONIO DINIZ, 2834;ITARARÉ;306
63;364;ESCOLA MUNICIPAL PARQUE ITARARÉ (ESCOLÃO);RUA JORNALISTA ANTONIO DINIZ, 2834;ITARARÉ;293
63;162;ESCOLA MUNICIPAL PROFESSOR JOÃO PORFÍRIO DE LIMA CORDÃO;CONJUNTO RENASCENÇA III, RUA CINCO, S/N, TEL 3237-5137 (ORELHÃO);RENASCENÇA;351
63;163;ESCOLA MUNICIPAL PROFESSOR JOÃO PORFÍRIO DE LIMA CORDÃO;CONJUNTO RENASCENÇA III, RUA CINCO, S/N, TEL 3237-5137 (ORELHÃO);RENASCENÇA;363
63;164;ESCOLA MUNICIPAL PROFESSOR JOÃO PORFÍRIO DE LIMA CORDÃO;CONJUNTO RENASCENÇA III, RUA CINCO, S/N, TEL 3237-5137 (ORELHÃO);RENASCENÇA;366
63;250;ESCOLA MUNICIPAL PROFESSOR JOÃO PORFÍRIO DE LIMA CORDÃO;CONJUNTO RENASCENÇA III, RUA CINCO, S/N, TEL 3237-5137 (ORELHÃO);RENASCENÇA;368
63;264;ESCOLA MUNICIPAL PROFESSOR JOÃO PORFÍRIO DE LIMA CORDÃO;CONJUNTO RENASCENÇA III, RUA CINCO, S/N, TEL 3237-5137 (ORELHÃO);RENASCENÇA;332
63;273;ESCOLA MUNICIPAL PROFESSOR JOÃO PORFÍRIO DE LIMA CORDÃO;CONJUNTO RENASCENÇA III, RUA CINCO, S/N, TEL 3237-5137 (ORELHÃO);RENASCENÇA;349
63;283;ESCOLA MUNICIPAL PROFESSOR JOÃO PORFÍRIO DE LIMA CORDÃO;CONJUNTO RENASCENÇA III, RUA CINCO, S/N, TEL 3237-5137 (ORELHÃO);RENASCENÇA;339
63;309;ESCOLA MUNICIPAL PROFESSOR JOÃO PORFÍRIO DE LIMA CORDÃO;CONJUNTO RENASCENÇA III, RUA CINCO, S/N, TEL 3237-5137 (ORELHÃO);RENASCENÇA;327
63;325;ESCOLA MUNICIPAL PROFESSOR JOÃO PORFÍRIO DE LIMA CORDÃO;CONJUNTO RENASCENÇA III, RUA CINCO, S/N, TEL 3237-5137 (ORELHÃO);RENASCENÇA;328
63;361;ESCOLA MUNICIPAL PROFESSOR JOÃO PORFÍRIO DE LIMA CORDÃO;CONJUNTO RENASCENÇA III, RUA CINCO, S/N, TEL 3237-5137 (ORELHÃO);RENASCENÇA;325
63;370;ESCOLA MUNICIPAL PROFESSOR JOÃO PORFÍRIO DE LIMA CORDÃO;CONJUNTO RENASCENÇA III, RUA CINCO, S/N, TEL 3237-5137 (ORELHÃO);RENASCENÇA;330
63;316;ESCOLA MUNICIPAL PROFESSOR UBIRACI CARVALHO;RUA RITMISTA ORLANDO NASCIMENTO, N. 7050, COM AVENIDA ALTO PARAGUAI;GURUPI;347
63;331;ESCOLA MUNICIPAL PROFESSOR UBIRACI CARVALHO;RUA RITMISTA ORLANDO NASCIMENTO, N. 7050, COM AVENIDA ALTO PARAGUAI;GURUPI;343
63;377;ESCOLA MUNICIPAL PROFESSOR UBIRACI CARVALHO;RUA RITMISTA ORLANDO NASCIMENTO, N. 7050, COM AVENIDA ALTO PARAGUAI;GURUPI;111
63;167;ESCOLA MUNICIPAL SÃO SEBASTIÃO;RUA 15 DE NOVEMBRO, 2254;TODOS OS SANTOS;319
63;168;ESCOLA MUNICIPAL SÃO SEBASTIÃO;RUA 15 DE NOVEMBRO, 2254;TODOS OS SANTOS;317
63;169;ESCOLA MUNICIPAL SÃO SEBASTIÃO;RUA 15 DE NOVEMBRO, 2254;TODOS OS SANTOS;317
63;170;ESCOLA MUNICIPAL SÃO SEBASTIÃO;RUA 15 DE NOVEMBRO, 2254;TODOS OS SANTOS;316
63;171;ESCOLA MUNICIPAL SÃO SEBASTIÃO;RUA 15 DE NOVEMBRO, 2254;TODOS OS SANTOS;316
63;172;ESCOLA MUNICIPAL SÃO SEBASTIÃO;RUA 15 DE NOVEMBRO, 2254;TODOS OS SANTOS;316
63;366;ESCOLA MUNICIPAL SÃO SEBASTIÃO;RUA 15 DE NOVEMBRO, 2254;TODOS OS SANTOS;317
63;191;ESCOLA MUNICIPAL TOMÁZ DE OLIVEIRA LOPES;POVOADO FORMOSA, S/N;ZONA RURAL;317
63;129;ESCOLA MUNICIPAL TORQUATO NETO;LOTEAMENTO DÁRIO QUEIROZ GALVÃO, RUA QUATRO, S/N;BEIRA RIO;313
63;130;ESCOLA MUNICIPAL TORQUATO NETO;LOTEAMENTO DÁRIO QUEIROZ GALVÃO, RUA QUATRO, S/N;BEIRA RIO;326
63;131;ESCOLA MUNICIPAL TORQUATO NETO;LOTEAMENTO DÁRIO QUEIROZ GALVÃO, RUA QUATRO, S/N;BEIRA RIO;374
63;275;ESCOLA MUNICIPAL TORQUATO NETO;LOTEAMENTO DÁRIO QUEIROZ GALVÃO, RUA QUATRO, S/N;BEIRA RIO;298
63;360;ESCOLA MUNICIPAL TORQUATO NETO;LOTEAMENTO DÁRIO QUEIROZ GALVÃO, RUA QUATRO, S/N;BEIRA RIO;204
63;176;ESCOLA MUNICIPAL VINICIUS DE MORAES;RUA HUMBERTO BRONCA, 6603, RES. ARAGUAIA;SÃO SEBASTIÃO;366
63;276;ESCOLA MUNICIPAL VINICIUS DE MORAES;RUA HUMBERTO BRONCA, 6603, RES. ARAGUAIA;SÃO SEBASTIÃO;348
63;367;IFPI-INST FED EDU CIÊN TECNOL DO PI-CAMPUS AVANÇADO DIRCEU ARCOVERDE;RUA DONA AMÉLIA RUBIM, S/N BAIRRO RENASCENÇA II;RENASCENÇA;294
63;67;UESPI - CAMPUS REGIÃO SUDESTE DE TERESINA (ANTIGO CSU);AVENIDA DESEMBARGADOR BERILO MOTA, S/N;ITARARÉ;348
63;245;UESPI - CAMPUS REGIÃO SUDESTE DE TERESINA (ANTIGO CSU);AVENIDA DESEMBARGADOR BERILO MOTA, S/N;ITARARÉ;348
63;253;UESPI - CAMPUS REGIÃO SUDESTE DE TERESINA (ANTIGO CSU);AVENIDA DESEMBARGADOR BERILO MOTA, S/N;ITARARÉ;358
63;267;UESPI - CAMPUS REGIÃO SUDESTE DE TERESINA (ANTIGO CSU);AVENIDA DESEMBARGADOR BERILO MOTA, S/N;ITARARÉ;349
63;305;UESPI - CAMPUS REGIÃO SUDESTE DE TERESINA (ANTIGO CSU);AVENIDA DESEMBARGADOR BERILO MOTA, S/N;ITARARÉ;349
63;312;UESPI - CAMPUS REGIÃO SUDESTE DE TERESINA (ANTIGO CSU);AVENIDA DESEMBARGADOR BERILO MOTA, S/N;ITARARÉ;347
63;380;UESPI - CAMPUS REGIÃO SUDESTE DE TERESINA (ANTIGO CSU);AVENIDA DESEMBARGADOR BERILO MOTA, S/N;ITARARÉ;0
63;137;UNIDADE ESCOLAR ANTONIO DE ALMENDRA FREITAS;RUA CARAJÁS, 3996;ITARARÉ;370
63;138;UNIDADE ESCOLAR ANTONIO DE ALMENDRA FREITAS;RUA CARAJÁS, 3996;ITARARÉ;365
63;139;UNIDADE ESCOLAR ANTONIO DE ALMENDRA FREITAS;RUA CARAJÁS, 3996;ITARARÉ;378
63;140;UNIDADE ESCOLAR ANTONIO DE ALMENDRA FREITAS;RUA CARAJÁS, 3996;ITARARÉ;373
63;252;UNIDADE ESCOLAR ANTONIO DE ALMENDRA FREITAS;RUA CARAJÁS, 3996;ITARARÉ;384
63;274;UNIDADE ESCOLAR ANTONIO DE ALMENDRA FREITAS;RUA CARAJÁS, 3996;ITARARÉ;373
63;303;UNIDADE ESCOLAR ANTONIO DE ALMENDRA FREITAS;RUA CARAJÁS, 3996;ITARARÉ;306
63;323;UNIDADE ESCOLAR ANTONIO DE ALMENDRA FREITAS;RUA CARAJÁS, 3996;ITARARÉ;306
63;339;UNIDADE ESCOLAR ANTONIO DE ALMENDRA FREITAS;RUA CARAJÁS, 3996;ITARARÉ;303
63;315;UNIDADE ESCOLAR CENECISTA DEPUTADO ÁTILA LIRA;AVENIDA NOÉ MENDES, N. 7060;TODOS OS SANTOS;346
63;334;UNIDADE ESCOLAR CENECISTA DEPUTADO ÁTILA LIRA;AVENIDA NOÉ MENDES, N. 7060;TODOS OS SANTOS;346
63;94;UNIDADE ESCOLAR DEPUTADO ÁTILA LIRA;CONJUNTO DIRCEU ARCOVERDE II, RUA 78, 2539;ITARARÉ;347
63;95;UNIDADE ESCOLAR DEPUTADO ÁTILA LIRA;CONJUNTO DIRCEU ARCOVERDE II, RUA 78, 2539;ITARARÉ;348
63;96;UNIDADE ESCOLAR DEPUTADO ÁTILA LIRA;CONJUNTO DIRCEU ARCOVERDE II, RUA 78, 2539;ITARARÉ;349
63;97;UNIDADE ESCOLAR DEPUTADO ÁTILA LIRA;CONJUNTO DIRCEU ARCOVERDE II, RUA 78, 2539;ITARARÉ;349
63;285;UNIDADE ESCOLAR DEPUTADO ÁTILA LIRA;CONJUNTO DIRCEU ARCOVERDE II, RUA 78, 2539;ITARARÉ;348
63;297;UNIDADE ESCOLAR DEPUTADO TERTULIANO MILTON BRANDÃO;RUA ANCHIETA, N 2401, CONJUNTO DIRCEU ARCOVERDE I;ITARARÉ;139
63;352;UNIDADE ESCOLAR DEPUTADO TERTULIANO MILTON BRANDÃO;RUA ANCHIETA, N 2401, CONJUNTO DIRCEU ARCOVERDE I;ITARARÉ;136
63;21;UNIDADE ESCOLAR DOUTOR AGNELO PEREIRA DA SILVA;RUA ANCHIETA, 2461, EM FRENTE À QUADRA 31, DIRCEU ARCOVERDE I;ITARARÉ;291
63;22;UNIDADE ESCOLAR DOUTOR AGNELO PEREIRA DA SILVA;RUA ANCHIETA, 2461, EM FRENTE À QUADRA 31, DIRCEU ARCOVERDE I;ITARARÉ;289
63;23;UNIDADE ESCOLAR DOUTOR AGNELO PEREIRA DA SILVA;RUA ANCHIETA, 2461, EM FRENTE À QUADRA 31, DIRCEU ARCOVERDE I;ITARARÉ;290
63;24;UNIDADE ESCOLAR DOUTOR AGNELO PEREIRA DA SILVA;RUA ANCHIETA, 2461, EM FRENTE À QUADRA 31, DIRCEU ARCOVERDE I;ITARARÉ;291
63;25;UNIDADE ESCOLAR DOUTOR AGNELO PEREIRA DA SILVA;RUA ANCHIETA, 2461, EM FRENTE À QUADRA 31, DIRCEU ARCOVERDE I;ITARARÉ;291
63;69;UNIDADE ESCOLAR DOUTOR AGNELO PEREIRA DA SILVA;RUA ANCHIETA, 2461, EM FRENTE À QUADRA 31, DIRCEU ARCOVERDE I;ITARARÉ;292
63;70;UNIDADE ESCOLAR DOUTOR AGNELO PEREIRA DA SILVA;RUA ANCHIETA, 2461, EM FRENTE À QUADRA 31, DIRCEU ARCOVERDE I;ITARARÉ;288
63;342;UNIDADE ESCOLAR DOUTOR AGNELO PEREIRA DA SILVA;RUA ANCHIETA, 2461, EM FRENTE À QUADRA 31, DIRCEU ARCOVERDE I;ITARARÉ;289
63;152;UNIDADE ESCOLAR DOUTOR FONTES IBIAPINA;RUA SENADOR VALDEMAR SANTOS, 3300;RENASCENÇA;321
63;153;UNIDADE ESCOLAR DOUTOR FONTES IBIAPINA;RUA SENADOR VALDEMAR SANTOS, 3300;RENASCENÇA;321
63;154;UNIDADE ESCOLAR DOUTOR FONTES IBIAPINA;RUA SENADOR VALDEMAR SANTOS, 3300;RENASCENÇA;321
63;155;UNIDADE ESCOLAR DOUTOR FONTES IBIAPINA;RUA SENADOR VALDEMAR SANTOS, 3300;RENASCENÇA;322
63;156;UNIDADE ESCOLAR DOUTOR FONTES IBIAPINA;RUA SENADOR VALDEMAR SANTOS, 3300;RENASCENÇA;319
63;157;UNIDADE ESCOLAR DOUTOR FONTES IBIAPINA;RUA SENADOR VALDEMAR SANTOS, 3300;RENASCENÇA;320
63;158;UNIDADE ESCOLAR DOUTOR FONTES IBIAPINA;RUA SENADOR VALDEMAR SANTOS, 3300;RENASCENÇA;317
63;159;UNIDADE ESCOLAR DOUTOR FONTES IBIAPINA;RUA SENADOR VALDEMAR SANTOS, 3300;RENASCENÇA;319
63;160;UNIDADE ESCOLAR DOUTOR FONTES IBIAPINA;RUA SENADOR VALDEMAR SANTOS, 3300;RENASCENÇA;318
63;161;UNIDADE ESCOLAR DOUTOR FONTES IBIAPINA;RUA SENADOR VALDEMAR SANTOS, 3300;RENASCENÇA;319
63;41;UNIDADE ESCOLAR FRANCISCO CÉSAR DE ARAÚJO ;CONJUNTO DIRCEU ARCOVERDE II, RUA 54, 3735;ITARARÉ;323
63;42;UNIDADE ESCOLAR FRANCISCO CÉSAR DE ARAÚJO ;CONJUNTO DIRCEU ARCOVERDE II, RUA 54, 3735;ITARARÉ;323
63;43;UNIDADE ESCOLAR FRANCISCO CÉSAR DE ARAÚJO ;CONJUNTO DIRCEU ARCOVERDE II, RUA 54, 3735;ITARARÉ;324
63;44;UNIDADE ESCOLAR FRANCISCO CÉSAR DE ARAÚJO ;CONJUNTO DIRCEU ARCOVERDE II, RUA 54, 3735;ITARARÉ;323
63;45;UNIDADE ESCOLAR FRANCISCO CÉSAR DE ARAÚJO ;CONJUNTO DIRCEU ARCOVERDE II, RUA 54, 3735;ITARARÉ;320
63;74;UNIDADE ESCOLAR FRANCISCO CÉSAR DE ARAÚJO ;CONJUNTO DIRCEU ARCOVERDE II, RUA 54, 3735;ITARARÉ;324
63;75;UNIDADE ESCOLAR FRANCISCO CÉSAR DE ARAÚJO ;CONJUNTO DIRCEU ARCOVERDE II, RUA 54, 3735;ITARARÉ;322
63;16;UNIDADE ESCOLAR FREI HELIODÓRIO;RUA PROFESSOR ALCOBAÇA, S/N, POR TRÁS DA UESPI (CAMPOS CLÓVIS MOURA);ITARARÉ;286
63;17;UNIDADE ESCOLAR FREI HELIODÓRIO;RUA PROFESSOR ALCOBAÇA, S/N, POR TRÁS DA UESPI (CAMPOS CLÓVIS MOURA);ITARARÉ;284
63;18;UNIDADE ESCOLAR FREI HELIODÓRIO;RUA PROFESSOR ALCOBAÇA, S/N, POR TRÁS DA UESPI (CAMPOS CLÓVIS MOURA);ITARARÉ;288
63;19;UNIDADE ESCOLAR FREI HELIODÓRIO;RUA PROFESSOR ALCOBAÇA, S/N, POR TRÁS DA UESPI (CAMPOS CLÓVIS MOURA);ITARARÉ;289
63;20;UNIDADE ESCOLAR FREI HELIODÓRIO;RUA PROFESSOR ALCOBAÇA, S/N, POR TRÁS DA UESPI (CAMPOS CLÓVIS MOURA);ITARARÉ;287
63;35;UNIDADE ESCOLAR FREI HELIODÓRIO;RUA PROFESSOR ALCOBAÇA, S/N, POR TRÁS DA UESPI (CAMPOS CLÓVIS MOURA);ITARARÉ;287
63;36;UNIDADE ESCOLAR FREI HELIODÓRIO;RUA PROFESSOR ALCOBAÇA, S/N, POR TRÁS DA UESPI (CAMPOS CLÓVIS MOURA);ITARARÉ;288
63;68;UNIDADE ESCOLAR FREI HELIODÓRIO;RUA PROFESSOR ALCOBAÇA, S/N, POR TRÁS DA UESPI (CAMPOS CLÓVIS MOURA);ITARARÉ;288
63;349;UNIDADE ESCOLAR FREI HELIODÓRIO;RUA PROFESSOR ALCOBAÇA, S/N, POR TRÁS DA UESPI (CAMPOS CLÓVIS MOURA);ITARARÉ;288
63;212;UNIDADE ESCOLAR MELVIN JONES;RUA SUIÇA, S/N;SÃO JOÃO;263
63;213;UNIDADE ESCOLAR MELVIN JONES;RUA SUIÇA, S/N;SÃO JOÃO;253
63;214;UNIDADE ESCOLAR MELVIN JONES;RUA SUIÇA, S/N;SÃO JOÃO;248
63;215;UNIDADE ESCOLAR MELVIN JONES;RUA SUIÇA, S/N;SÃO JOÃO;270
63;216;UNIDADE ESCOLAR MELVIN JONES;RUA SUIÇA, S/N;SÃO JOÃO;259
63;217;UNIDADE ESCOLAR MELVIN JONES;RUA SUIÇA, S/N;SÃO JOÃO;258
63;218;UNIDADE ESCOLAR MELVIN JONES;RUA SUIÇA, S/N;SÃO JOÃO;261
63;219;UNIDADE ESCOLAR MELVIN JONES;RUA SUIÇA, S/N;SÃO JOÃO;260
63;220;UNIDADE ESCOLAR MELVIN JONES;RUA SUIÇA, S/N;SÃO JOÃO;266
63;177;UNIDADE ESCOLAR PROFESSOR FLORESTAN FERNANDES;AVENIDA PRINCIPAL, S/N, RESIDENCIAL DEUS QUER;BOM PRINCÍPIO;354
63;248;UNIDADE ESCOLAR PROFESSOR FLORESTAN FERNANDES;AVENIDA PRINCIPAL, S/N, RESIDENCIAL DEUS QUER;BOM PRINCÍPIO;353
63;271;UNIDADE ESCOLAR PROFESSOR FLORESTAN FERNANDES;AVENIDA PRINCIPAL, S/N, RESIDENCIAL DEUS QUER;BOM PRINCÍPIO;348
63;295;UNIDADE ESCOLAR PROFESSOR FLORESTAN FERNANDES;AVENIDA PRINCIPAL, S/N, RESIDENCIAL DEUS QUER;BOM PRINCÍPIO;341
63;330;UNIDADE ESCOLAR PROFESSOR FLORESTAN FERNANDES;AVENIDA PRINCIPAL, S/N, RESIDENCIAL DEUS QUER;BOM PRINCÍPIO;343
63;201;UNIDADE ESCOLAR PROFESSOR JOCA VIEIRA;RUA PEDRO CONDE, 220;SÃO JOÃO;319
63;202;UNIDADE ESCOLAR PROFESSOR JOCA VIEIRA;RUA PEDRO CONDE, 220;SÃO JOÃO;312
63;203;UNIDADE ESCOLAR PROFESSOR JOCA VIEIRA;RUA PEDRO CONDE, 220;SÃO JOÃO;313
63;204;UNIDADE ESCOLAR PROFESSOR JOCA VIEIRA;RUA PEDRO CONDE, 220;SÃO JOÃO;315
63;205;UNIDADE ESCOLAR PROFESSOR JOCA VIEIRA;RUA PEDRO CONDE, 220;SÃO JOÃO;311
63;206;UNIDADE ESCOLAR PROFESSOR JOCA VIEIRA;RUA PEDRO CONDE, 220;SÃO JOÃO;321
63;222;UNIDADE ESCOLAR PROFESSOR JOCA VIEIRA;RUA PEDRO CONDE, 220;SÃO JOÃO;262
63;223;UNIDADE ESCOLAR PROFESSOR JOCA VIEIRA;RUA PEDRO CONDE, 220;SÃO JOÃO;260
63;249;UNIDADE ESCOLAR PROFESSOR JOCA VIEIRA;RUA PEDRO CONDE, 220;SÃO JOÃO;316
63;321;UNIDADE ESCOLAR PROFESSOR JOCA VIEIRA;RUA PEDRO CONDE, 220;SÃO JOÃO;263
63;207;UNIDADE ESCOLAR PROFESSOR JOSÉ AMÁVEL;RUA ALARICO CUNHA, S/N;NOIVOS;232
63;208;UNIDADE ESCOLAR PROFESSOR JOSÉ AMÁVEL;RUA ALARICO CUNHA, S/N;NOIVOS;233
63;209;UNIDADE ESCOLAR PROFESSOR JOSÉ AMÁVEL;RUA ALARICO CUNHA, S/N;NOIVOS;232
63;210;UNIDADE ESCOLAR PROFESSOR JOSÉ AMÁVEL;RUA ALARICO CUNHA, S/N;NOIVOS;231
63;211;UNIDADE ESCOLAR PROFESSOR JOSÉ AMÁVEL;RUA ALARICO CUNHA, S/N;NOIVOS;228
63;224;UNIDADE ESCOLAR PROFESSOR JOSÉ AMÁVEL;RUA ALARICO CUNHA, S/N;NOIVOS;232
63;225;UNIDADE ESCOLAR PROFESSOR JOSÉ AMÁVEL;RUA ALARICO CUNHA, S/N;NOIVOS;233
63;226;UNIDADE ESCOLAR PROFESSOR JOSÉ AMÁVEL;RUA ALARICO CUNHA, S/N;NOIVOS;232
63;346;UNIDADE ESCOLAR PROFESSOR JOSÉ AMÁVEL;RUA ALARICO CUNHA, S/N;NOIVOS;232
63;71;UNIDADE ESCOLAR PROFESSOR PINHEIRO MACHADO;EM FRENTE A QUADRA 31 NO CONJUNTO DIRCEU ARCOVERDE I;ITARARÉ;340
63;72;UNIDADE ESCOLAR PROFESSOR PINHEIRO MACHADO;EM FRENTE A QUADRA 31 NO CONJUNTO DIRCEU ARCOVERDE I;ITARARÉ;337
63;73;UNIDADE ESCOLAR PROFESSOR PINHEIRO MACHADO;EM FRENTE A QUADRA 31 NO CONJUNTO DIRCEU ARCOVERDE I;ITARARÉ;341
63;278;UNIDADE ESCOLAR PROFESSOR PINHEIRO MACHADO;EM FRENTE A QUADRA 31 NO CONJUNTO DIRCEU ARCOVERDE I;ITARARÉ;340
63;322;UNIDADE ESCOLAR PROFESSOR PINHEIRO MACHADO;EM FRENTE A QUADRA 31 NO CONJUNTO DIRCEU ARCOVERDE I;ITARARÉ;338
63;109;UNIDADE ESCOLAR PROFESSOR RALDIR CAVALCANTE BASTOS;RUA DOIS, 2310 - EM FRENTE A PRAÇA DO RENASCENCA II;RENASCENÇA;294
63;110;UNIDADE ESCOLAR PROFESSOR RALDIR CAVALCANTE BASTOS;RUA DOIS, 2310 - EM FRENTE A PRAÇA DO RENASCENCA II;RENASCENÇA;298
63;111;UNIDADE ESCOLAR PROFESSOR RALDIR CAVALCANTE BASTOS;RUA DOIS, 2310 - EM FRENTE A PRAÇA DO RENASCENCA II;RENASCENÇA;290
63;112;UNIDADE ESCOLAR PROFESSOR RALDIR CAVALCANTE BASTOS;RUA DOIS, 2310 - EM FRENTE A PRAÇA DO RENASCENCA II;RENASCENÇA;297
63;113;UNIDADE ESCOLAR PROFESSOR RALDIR CAVALCANTE BASTOS;RUA DOIS, 2310 - EM FRENTE A PRAÇA DO RENASCENCA II;RENASCENÇA;296
63;114;UNIDADE ESCOLAR PROFESSOR RALDIR CAVALCANTE BASTOS;RUA DOIS, 2310 - EM FRENTE A PRAÇA DO RENASCENCA II;RENASCENÇA;300
63;115;UNIDADE ESCOLAR PROFESSOR RALDIR CAVALCANTE BASTOS;RUA DOIS, 2310 - EM FRENTE A PRAÇA DO RENASCENCA II;RENASCENÇA;294
63;116;UNIDADE ESCOLAR PROFESSOR RALDIR CAVALCANTE BASTOS;RUA DOIS, 2310 - EM FRENTE A PRAÇA DO RENASCENCA II;RENASCENÇA;294
63;117;UNIDADE ESCOLAR PROFESSOR RALDIR CAVALCANTE BASTOS;RUA DOIS, 2310 - EM FRENTE A PRAÇA DO RENASCENCA II;RENASCENÇA;296
63;118;UNIDADE ESCOLAR PROFESSOR RALDIR CAVALCANTE BASTOS;RUA DOIS, 2310 - EM FRENTE A PRAÇA DO RENASCENCA II;RENASCENÇA;306
63;329;UNIDADE ESCOLAR PROFESSOR RALDIR CAVALCANTE BASTOS;RUA DOIS, 2310 - EM FRENTE A PRAÇA DO RENASCENCA II;RENASCENÇA;291
63;259;UNIDADE ESCOLAR PROFESSOR RUY LEITE BERGER;RUA ALTAIR, 6601;GURUPI;372
63;282;UNIDADE ESCOLAR PROFESSOR RUY LEITE BERGER;RUA ALTAIR, 6601;GURUPI;318
63;311;UNIDADE ESCOLAR PROFESSOR RUY LEITE BERGER;RUA ALTAIR, 6601;GURUPI;317
63;319;UNIDADE ESCOLAR PROFESSOR RUY LEITE BERGER;RUA ALTAIR, 6601;GURUPI;316
63;82;UNIDADE ESCOLAR PROFESSORA ADAMIR LEAL;CONJUNTO DIRCEU ARCOVERDE II, RUA 54, 3353;ITARARÉ;300
63;83;UNIDADE ESCOLAR PROFESSORA ADAMIR LEAL;CONJUNTO DIRCEU ARCOVERDE II, RUA 54, 3353;ITARARÉ;301
63;84;UNIDADE ESCOLAR PROFESSORA ADAMIR LEAL;CONJUNTO DIRCEU ARCOVERDE II, RUA 54, 3353;ITARARÉ;299
63;85;UNIDADE ESCOLAR PROFESSORA ADAMIR LEAL;CONJUNTO DIRCEU ARCOVERDE II, RUA 54, 3353;ITARARÉ;307
63;86;UNIDADE ESCOLAR PROFESSORA ADAMIR LEAL;CONJUNTO DIRCEU ARCOVERDE II, RUA 54, 3353;ITARARÉ;299
63;87;UNIDADE ESCOLAR PROFESSORA ADAMIR LEAL;CONJUNTO DIRCEU ARCOVERDE II, RUA 54, 3353;ITARARÉ;293
63;8;UNIDADE ESCOLAR PROFESSORA JÚLIA NUNES ALVES;AVENIDA ITARARÉ, S/N, PRÓXIMO AO CAMPUS DA UESPI;ITARARÉ;318
63;9;UNIDADE ESCOLAR PROFESSORA JÚLIA NUNES ALVES;AVENIDA ITARARÉ, S/N, PRÓXIMO AO CAMPUS DA UESPI;ITARARÉ;319
63;10;UNIDADE ESCOLAR PROFESSORA JÚLIA NUNES ALVES;AVENIDA ITARARÉ, S/N, PRÓXIMO AO CAMPUS DA UESPI;ITARARÉ;337
63;26;UNIDADE ESCOLAR PROFESSORA JÚLIA NUNES ALVES;AVENIDA ITARARÉ, S/N, PRÓXIMO AO CAMPUS DA UESPI;ITARARÉ;318
63;27;UNIDADE ESCOLAR PROFESSORA JÚLIA NUNES ALVES;AVENIDA ITARARÉ, S/N, PRÓXIMO AO CAMPUS DA UESPI;ITARARÉ;317
63;28;UNIDADE ESCOLAR PROFESSORA JÚLIA NUNES ALVES;AVENIDA ITARARÉ, S/N, PRÓXIMO AO CAMPUS DA UESPI;ITARARÉ;296
63;29;UNIDADE ESCOLAR PROFESSORA JÚLIA NUNES ALVES;AVENIDA ITARARÉ, S/N, PRÓXIMO AO CAMPUS DA UESPI;ITARARÉ;310
63;30;UNIDADE ESCOLAR PROFESSORA JÚLIA NUNES ALVES;AVENIDA ITARARÉ, S/N, PRÓXIMO AO CAMPUS DA UESPI;ITARARÉ;305
63;31;UNIDADE ESCOLAR PROFESSORA JÚLIA NUNES ALVES;AVENIDA ITARARÉ, S/N, PRÓXIMO AO CAMPUS DA UESPI;ITARARÉ;297
63;324;UNIDADE ESCOLAR PROFESSORA JÚLIA NUNES ALVES;AVENIDA ITARARÉ, S/N, PRÓXIMO AO CAMPUS DA UESPI;ITARARÉ;84
63;1;UNIDADE ESCOLAR PROFESSORA MARIA DO CARMO REVERDOSA DA CRUZ;AVENIDA GILBALTA, S/N, PRÓXIMO AO CAMPUS SUDESTE DA UESPI;ITARARÉ;284
63;11;UNIDADE ESCOLAR PROFESSORA MARIA DO CARMO REVERDOSA DA CRUZ;AVENIDA GILBALTA, S/N, PRÓXIMO AO CAMPUS SUDESTE DA UESPI;ITARARÉ;281
63;12;UNIDADE ESCOLAR PROFESSORA MARIA DO CARMO REVERDOSA DA CRUZ;AVENIDA GILBALTA, S/N, PRÓXIMO AO CAMPUS SUDESTE DA UESPI;ITARARÉ;281
63;13;UNIDADE ESCOLAR PROFESSORA MARIA DO CARMO REVERDOSA DA CRUZ;AVENIDA GILBALTA, S/N, PRÓXIMO AO CAMPUS SUDESTE DA UESPI;ITARARÉ;269
63;14;UNIDADE ESCOLAR PROFESSORA MARIA DO CARMO REVERDOSA DA CRUZ;AVENIDA GILBALTA, S/N, PRÓXIMO AO CAMPUS SUDESTE DA UESPI;ITARARÉ;278
63;15;UNIDADE ESCOLAR PROFESSORA MARIA DO CARMO REVERDOSA DA CRUZ;AVENIDA GILBALTA, S/N, PRÓXIMO AO CAMPUS SUDESTE DA UESPI;ITARARÉ;289
63;32;UNIDADE ESCOLAR PROFESSORA MARIA DO CARMO REVERDOSA DA CRUZ;AVENIDA GILBALTA, S/N, PRÓXIMO AO CAMPUS SUDESTE DA UESPI;ITARARÉ;268
63;33;UNIDADE ESCOLAR PROFESSORA MARIA DO CARMO REVERDOSA DA CRUZ;AVENIDA GILBALTA, S/N, PRÓXIMO AO CAMPUS SUDESTE DA UESPI;ITARARÉ;276
63;34;UNIDADE ESCOLAR PROFESSORA MARIA DO CARMO REVERDOSA DA CRUZ;AVENIDA GILBALTA, S/N, PRÓXIMO AO CAMPUS SUDESTE DA UESPI;ITARARÉ;270
63;293;UNIDADE ESCOLAR PROFESSORA MARIA DO CARMO REVERDOSA DA CRUZ;AVENIDA GILBALTA, S/N, PRÓXIMO AO CAMPUS SUDESTE DA UESPI;ITARARÉ;270
63;2;UNIDADE ESCOLAR SANTA INÊS;AVENIDA PRINCIPAL DO CONJUNTO DIRCEU ARCOVERDE I, S/N;ITARARÉ;327
63;3;UNIDADE ESCOLAR SANTA INÊS;AVENIDA PRINCIPAL DO CONJUNTO DIRCEU ARCOVERDE I, S/N;ITARARÉ;328
63;4;UNIDADE ESCOLAR SANTA INÊS;AVENIDA PRINCIPAL DO CONJUNTO DIRCEU ARCOVERDE I, S/N;ITARARÉ;325
63;5;UNIDADE ESCOLAR SANTA INÊS;AVENIDA PRINCIPAL DO CONJUNTO DIRCEU ARCOVERDE I, S/N;ITARARÉ;325
63;260;UNIDADE ESCOLAR SANTA INÊS;AVENIDA PRINCIPAL DO CONJUNTO DIRCEU ARCOVERDE I, S/N;ITARARÉ;324
63;291;UNIDADE ESCOLAR SANTA INÊS;AVENIDA PRINCIPAL DO CONJUNTO DIRCEU ARCOVERDE I, S/N;ITARARÉ;327
63;335;UNIDADE ESCOLAR SANTA INÊS;AVENIDA PRINCIPAL DO CONJUNTO DIRCEU ARCOVERDE I, S/N;ITARARÉ;325
97;127;ACADEPOL - ACADEMIA DE POLÍCIA CIVIL;RUA FRANCISCA DE MELO LOBO, 505;SACI;283
97;128;ACADEPOL - ACADEMIA DE POLÍCIA CIVIL;RUA FRANCISCA DE MELO LOBO, 505;SACI;312
97;129;ACADEPOL - ACADEMIA DE POLÍCIA CIVIL;RUA FRANCISCA DE MELO LOBO, 505;SACI;312
97;130;ACADEPOL - ACADEMIA DE POLÍCIA CIVIL;RUA FRANCISCA DE MELO LOBO, 505;SACI;296
97;131;ACADEPOL - ACADEMIA DE POLÍCIA CIVIL;RUA FRANCISCA DE MELO LOBO, 505;SACI;290
97;132;ACADEPOL - ACADEMIA DE POLÍCIA CIVIL;RUA FRANCISCA DE MELO LOBO, 505;SACI;309
97;187;ACADEPOL - ACADEMIA DE POLÍCIA CIVIL;RUA FRANCISCA DE MELO LOBO, 505;SACI;294
97;561;ACADEPOL - ACADEMIA DE POLÍCIA CIVIL;RUA FRANCISCA DE MELO LOBO, 505;SACI;91
97;357;AGÊNCIA DE DESENVOLVIMENTO HABITACIONAL  - ADH;AV. JOSÉ DOS SANTOS E SILVA, 1155, CENTRO-SUL;CENTRO;312
97;574;AGÊNCIA DE DESENVOLVIMENTO HABITACIONAL  - ADH;AV. JOSÉ DOS SANTOS E SILVA, 1155, CENTRO-SUL;CENTRO;64
97;11;ASSOCIACAO DOS CEGOS DO PIAUI;RUA BENEDITINOS, 537;SAO PEDRO;283
97;12;ASSOCIACAO DOS CEGOS DO PIAUI;RUA BENEDITINOS, 537;SAO PEDRO;284
97;13;ASSOCIACAO DOS CEGOS DO PIAUI;RUA BENEDITINOS, 537;SAO PEDRO;282
97;209;ASSOCIACAO DOS CEGOS DO PIAUI;RUA BENEDITINOS, 537;SAO PEDRO;283
97;591;ASSOCIACAO DOS CEGOS DO PIAUI;RUA BENEDITINOS, 537;SAO PEDRO;283
97;367;BIBLIOTECA PUBLICA CROMWELL WALL DE CARVALHO;PRACA DEMOSTENES AVELINO (FRIPISA), 1788;CENTRO;295
97;518;BIBLIOTECA PUBLICA CROMWELL WALL DE CARVALHO;PRACA DEMOSTENES AVELINO (FRIPISA), 1788;CENTRO;144
97;552;BIBLIOTECA PUBLICA CROMWELL WALL DE CARVALHO;PRACA DEMOSTENES AVELINO (FRIPISA), 1788;CENTRO;291
97;606;C. CIL - UNIDADE ESCOLAR N.SRA. DO PERPÉTUO SOCORRO;RODOVIA PI-130, KM 17;CERAMICA CIL;276
97;622;C. CIL - UNIDADE ESCOLAR N.SRA. DO PERPÉTUO SOCORRO;RODOVIA PI-130, KM 17;CERAMICA CIL;279
97;641;C. CIL - UNIDADE ESCOLAR N.SRA. DO PERPÉTUO SOCORRO;RODOVIA PI-130, KM 17;CERAMICA CIL;242
97;449;CEJA PROFª MARIA RODRIGUES DAS MERCEDES (ANTIGA U.E.TERESINHA NUNES);RUA DAVID CALDAS, 1551, ESQUINA COM RUA JOÃO VIRGÍLIO;VERMELHA;188
97;450;CEJA PROFª MARIA RODRIGUES DAS MERCEDES (ANTIGA U.E.TERESINHA NUNES);RUA DAVID CALDAS, 1551, ESQUINA COM RUA JOÃO VIRGÍLIO;VERMELHA;188
97;451;CEJA PROFª MARIA RODRIGUES DAS MERCEDES (ANTIGA U.E.TERESINHA NUNES);RUA DAVID CALDAS, 1551, ESQUINA COM RUA JOÃO VIRGÍLIO;VERMELHA;187
97;452;CEJA PROFª MARIA RODRIGUES DAS MERCEDES (ANTIGA U.E.TERESINHA NUNES);RUA DAVID CALDAS, 1551, ESQUINA COM RUA JOÃO VIRGÍLIO;VERMELHA;188
97;453;CEJA PROFª MARIA RODRIGUES DAS MERCEDES (ANTIGA U.E.TERESINHA NUNES);RUA DAVID CALDAS, 1551, ESQUINA COM RUA JOÃO VIRGÍLIO;VERMELHA;188
97;454;CEJA PROFª MARIA RODRIGUES DAS MERCEDES (ANTIGA U.E.TERESINHA NUNES);RUA DAVID CALDAS, 1551, ESQUINA COM RUA JOÃO VIRGÍLIO;VERMELHA;187
97;455;CEJA PROFª MARIA RODRIGUES DAS MERCEDES (ANTIGA U.E.TERESINHA NUNES);RUA DAVID CALDAS, 1551, ESQUINA COM RUA JOÃO VIRGÍLIO;VERMELHA;187
97;139;CENTRO DE ARTES MARCIAIS SARAH MENEZES;AV.DR. LUÍS PIRES CHAVES (AV. PRINCIPAL), 918 / 1120;SACI;287
97;413;CENTRO DE CIENCIAS DA SAUDE (CCS) - UFPI;AV. FREI SERAFIM,  2280;CENTRO;115
97;414;CENTRO DE CIENCIAS DA SAUDE (CCS) - UFPI;AV. FREI SERAFIM,  2280;CENTRO;112
97;456;CENTRO DE CIENCIAS DA SAUDE (CCS) - UFPI;AV. FREI SERAFIM,  2280;CENTRO;315
97;568;CENTRO DE CIENCIAS DA SAUDE (CCS) - UFPI;AV. FREI SERAFIM,  2280;CENTRO;107
97;415;CENTRO INTEGRADO DE SAÚDE LINEU ARAUJO;RUA MAGALHAES FILHO, 152, CENTRO-SUL;CENTRO;109
97;500;CENTRO UNIVERSITÁRIO SANTO AGOSTINHO - UNIFSA;AV. PROF. VALTER ALENCAR,  665;SAO PEDRO;298
97;501;CENTRO UNIVERSITÁRIO SANTO AGOSTINHO - UNIFSA;AV. PROF. VALTER ALENCAR,  665;SAO PEDRO;298
97;502;CENTRO UNIVERSITÁRIO SANTO AGOSTINHO - UNIFSA;AV. PROF. VALTER ALENCAR,  665;SAO PEDRO;297
97;503;CENTRO UNIVERSITÁRIO SANTO AGOSTINHO - UNIFSA;AV. PROF. VALTER ALENCAR,  665;SAO PEDRO;297
97;504;CENTRO UNIVERSITÁRIO SANTO AGOSTINHO - UNIFSA;AV. PROF. VALTER ALENCAR,  665;SAO PEDRO;299
97;505;CENTRO UNIVERSITÁRIO SANTO AGOSTINHO - UNIFSA;AV. PROF. VALTER ALENCAR,  665;SAO PEDRO;300
97;506;CENTRO UNIVERSITÁRIO SANTO AGOSTINHO - UNIFSA;AV. PROF. VALTER ALENCAR,  665;SAO PEDRO;297
97;554;CENTRO UNIVERSITÁRIO SANTO AGOSTINHO - UNIFSA;AV. PROF. VALTER ALENCAR,  665;SAO PEDRO;299
97;598;CENTRO UNIVERSITÁRIO SANTO AGOSTINHO - UNIFSA;AV. PROF. VALTER ALENCAR,  665;SAO PEDRO;299
97;617;CENTRO UNIVERSITÁRIO SANTO AGOSTINHO - UNIFSA;AV. PROF. VALTER ALENCAR,  665;SAO PEDRO;297
97;306;CETI INTEGRADO ANGELIM;RUA INÁCIO SOARES, 1299;ANGELIM;273
97;334;CETI INTEGRADO ANGELIM;RUA INÁCIO SOARES, 1299;ANGELIM;276
97;553;CETI INTEGRADO ANGELIM;RUA INÁCIO SOARES, 1299;ANGELIM;269
97;600;CETI INTEGRADO ANGELIM;RUA INÁCIO SOARES, 1299;ANGELIM;261
97;140;CETI PROFESSORA ÁUREA FREIRE;PRACA JOSE OLIMPIO S/N;SACI;274
97;141;CETI PROFESSORA ÁUREA FREIRE;PRACA JOSE OLIMPIO S/N;SACI;278
97;142;CETI PROFESSORA ÁUREA FREIRE;PRACA JOSE OLIMPIO S/N;SACI;272
97;143;CETI PROFESSORA ÁUREA FREIRE;PRACA JOSE OLIMPIO S/N;SACI;278
97;144;CETI PROFESSORA ÁUREA FREIRE;PRACA JOSE OLIMPIO S/N;SACI;284
97;547;CETI PROFESSORA ÁUREA FREIRE;PRACA JOSE OLIMPIO S/N;SACI;276
97;625;CETI PROFESSORA ÁUREA FREIRE;PRACA JOSE OLIMPIO S/N;SACI;298
97;642;CETI PROFESSORA ÁUREA FREIRE;PRACA JOSE OLIMPIO S/N;SACI;300
97;647;CETI PROFESSORA ÁUREA FREIRE;PRACA JOSE OLIMPIO S/N;SACI;103
97;296;CMEI CASTRO ALVES;RUA PROJETADA 7, N. 7807 - PARQUE ELIANA;ANGELIM;293
97;628;CMEI CASTRO ALVES;RUA PROJETADA 7, N. 7807 - PARQUE ELIANA;ANGELIM;290
97;646;CMEI CASTRO ALVES;RUA PROJETADA 7, N. 7807 - PARQUE ELIANA;ANGELIM;67
97;629;CMEI IRMÃ DULCE;RUA BAÚ, 3256;VILA IRMA DULCE;295
97;636;CMEI IRMÃ DULCE;RUA BAÚ, 3256;VILA IRMA DULCE;295
97;63;CMEI JESUS DIOCESANO (ANTIGA U.E. CIPRIANO LEITE);RUA RAIMUNDA CARDOSO, 1551;PARQUE PIAUI;254
97;64;CMEI JESUS DIOCESANO (ANTIGA U.E. CIPRIANO LEITE);RUA RAIMUNDA CARDOSO, 1551;PARQUE PIAUI;248
97;65;CMEI JESUS DIOCESANO (ANTIGA U.E. CIPRIANO LEITE);RUA RAIMUNDA CARDOSO, 1551;PARQUE PIAUI;252
97;623;CMEI JESUS DIOCESANO (ANTIGA U.E. CIPRIANO LEITE);RUA RAIMUNDA CARDOSO, 1551;PARQUE PIAUI;58
97;638;CMEI LINDALMA CARVALHO SOARES;RUA CINCO, 3842;TERESINA SUL II;173
97;608;CMEI PARQUE VITÓRIA;AV. GOVERNADOR ROCHA FURTADO, 3433;PARQUE VITÓRIA;261
97;630;CMEI RENATINHA;AV. ULISSES GUIMARÃES, 2121;PROMORAR;295
97;633;CMEI RENATINHA;AV. ULISSES GUIMARÃES, 2121;PROMORAR;299
97;637;CMEI RESIDENCIAL BETINHO;AVENIDA MANOEL FERNANDES DE OLIVEIRA, 1546, RESIDENCIAL BETINHO;ANGELIM;299
97;649;CMEI RESIDENCIAL BETINHO;AVENIDA MANOEL FERNANDES DE OLIVEIRA, 1546, RESIDENCIAL BETINHO;ANGELIM;88
97;618;CMEI TIA ANITA MORAIS DE BRITO;RUA PEDRO PORTELA (RUA B), N. 1387;ANGELIM;290
97;643;CMEI TIA ANITA MORAIS DE BRITO;RUA PEDRO PORTELA (RUA B), N. 1387;ANGELIM;220
97;580;CMEI VILA SANTA CRUZ;RUA D, 7740 - VILA SANTA CRUZ;PROMORAR;346
97;426;COLEGIO ESTADUAL ZACARIAS DE GOIS (LICEU PIAUIENSE);PRACA LANDRI SALES (PRAÇA DO LICEU), 1125, CENTRO-NORTE;CENTRO;130
97;475;COLEGIO ESTADUAL ZACARIAS DE GOIS (LICEU PIAUIENSE);PRACA LANDRI SALES (PRAÇA DO LICEU), 1125, CENTRO-NORTE;CENTRO;154
97;476;COLEGIO ESTADUAL ZACARIAS DE GOIS (LICEU PIAUIENSE);PRACA LANDRI SALES (PRAÇA DO LICEU), 1125, CENTRO-NORTE;CENTRO;151
97;477;COLEGIO ESTADUAL ZACARIAS DE GOIS (LICEU PIAUIENSE);PRACA LANDRI SALES (PRAÇA DO LICEU), 1125, CENTRO-NORTE;CENTRO;148
97;478;COLEGIO ESTADUAL ZACARIAS DE GOIS (LICEU PIAUIENSE);PRACA LANDRI SALES (PRAÇA DO LICEU), 1125, CENTRO-NORTE;CENTRO;156
97;479;COLEGIO ESTADUAL ZACARIAS DE GOIS (LICEU PIAUIENSE);PRACA LANDRI SALES (PRAÇA DO LICEU), 1125, CENTRO-NORTE;CENTRO;154
97;480;COLEGIO ESTADUAL ZACARIAS DE GOIS (LICEU PIAUIENSE);PRACA LANDRI SALES (PRAÇA DO LICEU), 1125, CENTRO-NORTE;CENTRO;154
97;481;COLEGIO ESTADUAL ZACARIAS DE GOIS (LICEU PIAUIENSE);PRACA LANDRI SALES (PRAÇA DO LICEU), 1125, CENTRO-NORTE;CENTRO;154
97;482;COLEGIO ESTADUAL ZACARIAS DE GOIS (LICEU PIAUIENSE);PRACA LANDRI SALES (PRAÇA DO LICEU), 1125, CENTRO-NORTE;CENTRO;148
97;483;COLÉGIO SAGRADO CORAÇÃO DE JESUS - COLÉGIO DAS IRMÃS;AV. FREI SERAFIM, 1793;CENTRO;70
97;484;COLÉGIO SAGRADO CORAÇÃO DE JESUS - COLÉGIO DAS IRMÃS;AV. FREI SERAFIM, 1793;CENTRO;59
97;485;COLÉGIO SAGRADO CORAÇÃO DE JESUS - COLÉGIO DAS IRMÃS;AV. FREI SERAFIM, 1793;CENTRO;61
97;486;COLÉGIO SAGRADO CORAÇÃO DE JESUS - COLÉGIO DAS IRMÃS;AV. FREI SERAFIM, 1793;CENTRO;57
97;487;COLÉGIO SAGRADO CORAÇÃO DE JESUS - COLÉGIO DAS IRMÃS;AV. FREI SERAFIM, 1793;CENTRO;63
97;488;COLÉGIO SAGRADO CORAÇÃO DE JESUS - COLÉGIO DAS IRMÃS;AV. FREI SERAFIM, 1793;CENTRO;58
97;489;COLÉGIO SAGRADO CORAÇÃO DE JESUS - COLÉGIO DAS IRMÃS;AV. FREI SERAFIM, 1793;CENTRO;58
97;490;COLÉGIO SAGRADO CORAÇÃO DE JESUS - COLÉGIO DAS IRMÃS;AV. FREI SERAFIM, 1793;CENTRO;62
97;491;COLÉGIO SAGRADO CORAÇÃO DE JESUS - COLÉGIO DAS IRMÃS;AV. FREI SERAFIM, 1793;CENTRO;62
97;492;COLÉGIO SAGRADO CORAÇÃO DE JESUS - COLÉGIO DAS IRMÃS;AV. FREI SERAFIM, 1793;CENTRO;61
97;498;COLÉGIO SAGRADO CORAÇÃO DE JESUS - COLÉGIO DAS IRMÃS;AV. FREI SERAFIM, 1793;CENTRO;0
97;624;COLÉGIO SAGRADO CORAÇÃO DE JESUS - COLÉGIO DAS IRMÃS;AV. FREI SERAFIM, 1793;CENTRO;0
97;463;COLEGIO SAO FRANCISCO DE SALES (DIOCESANO);PRACA SARAIVA, 363, CENTRO-SUL;CENTRO;141
97;464;COLEGIO SAO FRANCISCO DE SALES (DIOCESANO);PRACA SARAIVA, 363, CENTRO-SUL;CENTRO;137
97;465;COLEGIO SAO FRANCISCO DE SALES (DIOCESANO);PRACA SARAIVA, 363, CENTRO-SUL;CENTRO;142
97;466;COLEGIO SAO FRANCISCO DE SALES (DIOCESANO);PRACA SARAIVA, 363, CENTRO-SUL;CENTRO;140
97;467;COLEGIO SAO FRANCISCO DE SALES (DIOCESANO);PRACA SARAIVA, 363, CENTRO-SUL;CENTRO;124
97;468;COLEGIO SAO FRANCISCO DE SALES (DIOCESANO);PRACA SARAIVA, 363, CENTRO-SUL;CENTRO;143
97;469;COLEGIO SAO FRANCISCO DE SALES (DIOCESANO);PRACA SARAIVA, 363, CENTRO-SUL;CENTRO;141
97;470;COLEGIO SAO FRANCISCO DE SALES (DIOCESANO);PRACA SARAIVA, 363, CENTRO-SUL;CENTRO;143
97;471;COLEGIO SAO FRANCISCO DE SALES (DIOCESANO);PRACA SARAIVA, 363, CENTRO-SUL;CENTRO;142
97;472;COLEGIO SAO FRANCISCO DE SALES (DIOCESANO);PRACA SARAIVA, 363, CENTRO-SUL;CENTRO;139
97;473;COLEGIO SAO FRANCISCO DE SALES (DIOCESANO);PRACA SARAIVA, 363, CENTRO-SUL;CENTRO;141
97;474;COLEGIO SAO FRANCISCO DE SALES (DIOCESANO);PRACA SARAIVA, 363, CENTRO-SUL;CENTRO;139
97;362;COLEGIO SINOPSE;RUA PAISSANDU, 1600;CENTRO;91
97;363;COLEGIO SINOPSE;RUA PAISSANDU, 1600;CENTRO;93
97;364;COLEGIO SINOPSE;RUA PAISSANDU, 1600;CENTRO;87
97;366;COLEGIO SINOPSE;RUA PAISSANDU, 1600;CENTRO;95
97;213;CRAS SUL III - CENTRO DE REFERÊNCIA DA ASSISTÊNCIA SOCIAL;RUA 63, 2050, PRÓXIMO AO HOSPITAL DO PROMORAR;PROMORAR;284
97;221;CRAS SUL III - CENTRO DE REFERÊNCIA DA ASSISTÊNCIA SOCIAL;RUA 63, 2050, PRÓXIMO AO HOSPITAL DO PROMORAR;PROMORAR;285
97;228;CRAS SUL III - CENTRO DE REFERÊNCIA DA ASSISTÊNCIA SOCIAL;RUA 63, 2050, PRÓXIMO AO HOSPITAL DO PROMORAR;PROMORAR;300
97;240;CRAS SUL III - CENTRO DE REFERÊNCIA DA ASSISTÊNCIA SOCIAL;RUA 63, 2050, PRÓXIMO AO HOSPITAL DO PROMORAR;PROMORAR;292
97;248;CRAS SUL III - CENTRO DE REFERÊNCIA DA ASSISTÊNCIA SOCIAL;RUA 63, 2050, PRÓXIMO AO HOSPITAL DO PROMORAR;PROMORAR;292
97;263;CRAS SUL III - CENTRO DE REFERÊNCIA DA ASSISTÊNCIA SOCIAL;RUA 63, 2050, PRÓXIMO AO HOSPITAL DO PROMORAR;PROMORAR;293
97;267;CRAS SUL III - CENTRO DE REFERÊNCIA DA ASSISTÊNCIA SOCIAL;RUA 63, 2050, PRÓXIMO AO HOSPITAL DO PROMORAR;PROMORAR;291
97;271;CRAS SUL III - CENTRO DE REFERÊNCIA DA ASSISTÊNCIA SOCIAL;RUA 63, 2050, PRÓXIMO AO HOSPITAL DO PROMORAR;PROMORAR;295
97;535;DEPARTAMENTO NACIONAL DE OBRAS CONTRA AS SECAS-DNOCS;RUA BENJAMIM CONSTANT, 2037, NORTE;CENTRO;137
97;536;DEPARTAMENTO NACIONAL DE OBRAS CONTRA AS SECAS-DNOCS;RUA BENJAMIM CONSTANT, 2037, NORTE;CENTRO;141
97;537;DEPARTAMENTO NACIONAL DE OBRAS CONTRA AS SECAS-DNOCS;RUA BENJAMIM CONSTANT, 2037, NORTE;CENTRO;138
97;538;DEPARTAMENTO NACIONAL DE OBRAS CONTRA AS SECAS-DNOCS;RUA BENJAMIM CONSTANT, 2037, NORTE;CENTRO;139
97;539;DEPARTAMENTO NACIONAL DE OBRAS CONTRA AS SECAS-DNOCS;RUA BENJAMIM CONSTANT, 2037, NORTE;CENTRO;139
97;444;EDUCAÇÃO À DISTÂNCIA (CNEC) - ANTIGO GINÁSIO POPULAR DE TERESINA;RUA MANOEL DA PAZ, 1131;VERMELHA;261
97;445;EDUCAÇÃO À DISTÂNCIA (CNEC) - ANTIGO GINÁSIO POPULAR DE TERESINA;RUA MANOEL DA PAZ, 1131;VERMELHA;261
97;446;EDUCAÇÃO À DISTÂNCIA (CNEC) - ANTIGO GINÁSIO POPULAR DE TERESINA;RUA MANOEL DA PAZ, 1131;VERMELHA;263
97;447;EDUCAÇÃO À DISTÂNCIA (CNEC) - ANTIGO GINÁSIO POPULAR DE TERESINA;RUA MANOEL DA PAZ, 1131;VERMELHA;261
97;448;EDUCAÇÃO À DISTÂNCIA (CNEC) - ANTIGO GINÁSIO POPULAR DE TERESINA;RUA MANOEL DA PAZ, 1131;VERMELHA;261
97;548;EDUCAÇÃO À DISTÂNCIA (CNEC) - ANTIGO GINÁSIO POPULAR DE TERESINA;RUA MANOEL DA PAZ, 1131;VERMELHA;262
97;440;EMGERPI - CASA DO MUTUÁRIO - EMPRESA DE GESTÃO DE RECURSOS DO PIAUÍ;RUA OLAVO BILAC, 1116, PRAÇA SARAIVA;CENTRO;120
97;493;EMGERPI - CASA DO MUTUÁRIO - EMPRESA DE GESTÃO DE RECURSOS DO PIAUÍ;RUA OLAVO BILAC, 1116, PRAÇA SARAIVA;CENTRO;112
97;494;EMGERPI - CASA DO MUTUÁRIO - EMPRESA DE GESTÃO DE RECURSOS DO PIAUÍ;RUA OLAVO BILAC, 1116, PRAÇA SARAIVA;CENTRO;115
97;495;EMGERPI - CASA DO MUTUÁRIO - EMPRESA DE GESTÃO DE RECURSOS DO PIAUÍ;RUA OLAVO BILAC, 1116, PRAÇA SARAIVA;CENTRO;104
97;496;EMGERPI - CASA DO MUTUÁRIO - EMPRESA DE GESTÃO DE RECURSOS DO PIAUÍ;RUA OLAVO BILAC, 1116, PRAÇA SARAIVA;CENTRO;109
97;497;EMGERPI - CASA DO MUTUÁRIO - EMPRESA DE GESTÃO DE RECURSOS DO PIAUÍ;RUA OLAVO BILAC, 1116, PRAÇA SARAIVA;CENTRO;108
97;226;ESC. MUN. DOM HELDER CAMARA;RUA SANTA FRANCISCA CABRINE, 7274;VILA IRMA DULCE;321
97;233;ESC. MUN. DOM HELDER CAMARA;RUA SANTA FRANCISCA CABRINE, 7274;VILA IRMA DULCE;313
97;237;ESC. MUN. DOM HELDER CAMARA;RUA SANTA FRANCISCA CABRINE, 7274;VILA IRMA DULCE;295
97;252;ESC. MUN. DOM HELDER CAMARA;RUA SANTA FRANCISCA CABRINE, 7274;VILA IRMA DULCE;303
97;265;ESC. MUN. DOM HELDER CAMARA;RUA SANTA FRANCISCA CABRINE, 7274;VILA IRMA DULCE;290
97;282;ESC. MUN. DOM HELDER CAMARA;RUA SANTA FRANCISCA CABRINE, 7274;VILA IRMA DULCE;313
97;293;ESC. MUN. DOM HELDER CAMARA;RUA SANTA FRANCISCA CABRINE, 7274;VILA IRMA DULCE;306
97;309;ESC. MUN. DOM HELDER CAMARA;RUA SANTA FRANCISCA CABRINE, 7274;VILA IRMA DULCE;308
97;332;ESC. MUN. DOM HELDER CAMARA;RUA SANTA FRANCISCA CABRINE, 7274;VILA IRMA DULCE;282
97;347;ESC. MUN. DOM HELDER CAMARA;RUA SANTA FRANCISCA CABRINE, 7274;VILA IRMA DULCE;292
97;559;ESC. MUN. DOM HELDER CAMARA;RUA SANTA FRANCISCA CABRINE, 7274;VILA IRMA DULCE;264
97;582;ESC. MUN. DOM HELDER CAMARA;RUA SANTA FRANCISCA CABRINE, 7274;VILA IRMA DULCE;259
97;593;ESC. MUN. DOM HELDER CAMARA;RUA SANTA FRANCISCA CABRINE, 7274;VILA IRMA DULCE;258
97;613;ESC. MUN. DOM HELDER CAMARA;RUA SANTA FRANCISCA CABRINE, 7274;VILA IRMA DULCE;260
97;621;ESC. MUN. DOM HELDER CAMARA;RUA SANTA FRANCISCA CABRINE, 7274;VILA IRMA DULCE;262
97;627;ESCOLA DE ARTES E EMPREENDEDORISMO DE TERESINA;RUA MARECHAL HERMES DA FONSECA, S/N - LOCAL DO ANTIGO CSU PARQUE PIAUI;PARQUE PIAUI;291
97;640;ESCOLA DE ARTES E EMPREENDEDORISMO DE TERESINA;RUA MARECHAL HERMES DA FONSECA, S/N - LOCAL DO ANTIGO CSU PARQUE PIAUI;PARQUE PIAUI;285
97;499;ESCOLA DE TECNOLOGIA ENGENHEIRO SAMPAIO;AV. CAMPOS SALES 1644 CENTRO NORTE;CENTRO;43
97;521;ESCOLA DE TECNOLOGIA ENGENHEIRO SAMPAIO;AV. CAMPOS SALES 1644 CENTRO NORTE;CENTRO;190
97;522;ESCOLA DE TECNOLOGIA ENGENHEIRO SAMPAIO;AV. CAMPOS SALES 1644 CENTRO NORTE;CENTRO;175
97;523;ESCOLA DE TECNOLOGIA ENGENHEIRO SAMPAIO;AV. CAMPOS SALES 1644 CENTRO NORTE;CENTRO;183
97;579;ESCOLA MUNICIPAL ANA BUGYJA BRITO;RUA ASSARE, 2316 - VILA SANTA CRUZ;PROMORAR;347
97;631;ESCOLA MUNICIPAL ANA BUGYJA BRITO;RUA ASSARE, 2316 - VILA SANTA CRUZ;PROMORAR;348
97;164;ESCOLA MUNICIPAL ANGELIM;RUA PEDRO PORTELA, 1345, ANGELIM I;ANGELIM;342
97;165;ESCOLA MUNICIPAL ANGELIM;RUA PEDRO PORTELA, 1345, ANGELIM I;ANGELIM;317
97;166;ESCOLA MUNICIPAL ANGELIM;RUA PEDRO PORTELA, 1345, ANGELIM I;ANGELIM;331
97;167;ESCOLA MUNICIPAL ANGELIM;RUA PEDRO PORTELA, 1345, ANGELIM I;ANGELIM;336
97;188;ESCOLA MUNICIPAL ANGELIM;RUA PEDRO PORTELA, 1345, ANGELIM I;ANGELIM;331
97;208;ESCOLA MUNICIPAL ANGELIM;RUA PEDRO PORTELA, 1345, ANGELIM I;ANGELIM;338
97;236;ESCOLA MUNICIPAL ANGELIM;RUA PEDRO PORTELA, 1345, ANGELIM I;ANGELIM;331
97;614;ESCOLA MUNICIPAL ANGELIM;RUA PEDRO PORTELA, 1345, ANGELIM I;ANGELIM;295
97;184;ESCOLA MUNICIPAL AREIAS;AV. HENRY WALL DE CARVALHO, 7791;AREIAS;325
97;234;ESCOLA MUNICIPAL AREIAS;AV. HENRY WALL DE CARVALHO, 7791;AREIAS;351
97;310;ESCOLA MUNICIPAL AREIAS;AV. HENRY WALL DE CARVALHO, 7791;AREIAS;334
97;569;ESCOLA MUNICIPAL AREIAS;AV. HENRY WALL DE CARVALHO, 7791;AREIAS;264
97;605;ESCOLA MUNICIPAL AREIAS;AV. HENRY WALL DE CARVALHO, 7791;AREIAS;264
97;147;ESCOLA MUNICIPAL CORONEL BOA VISTA;POVOADO FAZENDA NOVA;ZONA RURAL;5
97;148;ESCOLA MUNICIPAL CORONEL BOA VISTA;POVOADO FAZENDA NOVA;ZONA RURAL;5
97;149;ESCOLA MUNICIPAL CORONEL BOA VISTA;POVOADO FAZENDA NOVA;ZONA RURAL;5
97;150;ESCOLA MUNICIPAL CORONEL BOA VISTA;POVOADO FAZENDA NOVA;ZONA RURAL;6
97;168;ESCOLA MUNICIPAL CORONEL BOA VISTA;POVOADO FAZENDA NOVA;ZONA RURAL;6
97;80;ESCOLA MUNICIPAL ESTHER COUTO;RUA 100, 22222;PARQUE PIAUI;295
97;81;ESCOLA MUNICIPAL ESTHER COUTO;RUA 100, 22222;PARQUE PIAUI;313
97;573;ESCOLA MUNICIPAL ESTHER COUTO;RUA 100, 22222;PARQUE PIAUI;279
97;304;ESCOLA MUNICIPAL HILDEMBURGO DOBAL;QUADRA CENTRAL DO RESIDENCIAL MARIO COVAS;ANGELIM;348
97;331;ESCOLA MUNICIPAL HILDEMBURGO DOBAL;QUADRA CENTRAL DO RESIDENCIAL MARIO COVAS;ANGELIM;354
97;346;ESCOLA MUNICIPAL HILDEMBURGO DOBAL;QUADRA CENTRAL DO RESIDENCIAL MARIO COVAS;ANGELIM;323
97;541;ESCOLA MUNICIPAL HILDEMBURGO DOBAL;QUADRA CENTRAL DO RESIDENCIAL MARIO COVAS;ANGELIM;275
97;592;ESCOLA MUNICIPAL HILDEMBURGO DOBAL;QUADRA CENTRAL DO RESIDENCIAL MARIO COVAS;ANGELIM;264
97;616;ESCOLA MUNICIPAL HILDEMBURGO DOBAL;QUADRA CENTRAL DO RESIDENCIAL MARIO COVAS;ANGELIM;275
97;17;ESCOLA MUNICIPAL JOSÉ AUTO DE ABREU;RUA PIO IX, 2570;SAO PEDRO;293
97;18;ESCOLA MUNICIPAL JOSÉ AUTO DE ABREU;RUA PIO IX, 2570;SAO PEDRO;295
97;19;ESCOLA MUNICIPAL JOSÉ AUTO DE ABREU;RUA PIO IX, 2570;SAO PEDRO;294
97;555;ESCOLA MUNICIPAL JOSÉ AUTO DE ABREU;RUA PIO IX, 2570;SAO PEDRO;288
97;179;ESCOLA MUNICIPAL MANOEL NOGUEIRA LIMA;BR 316 - KM 22;CHAPADINHA SUL;292
97;297;ESCOLA MUNICIPAL MANOEL NOGUEIRA LIMA;BR 316 - KM 22;CHAPADINHA SUL;293
97;571;ESCOLA MUNICIPAL MANOEL NOGUEIRA LIMA;BR 316 - KM 22;CHAPADINHA SUL;287
97;645;ESCOLA MUNICIPAL MANOEL NOGUEIRA LIMA;BR 316 - KM 22;CHAPADINHA SUL;72
97;203;ESCOLA MUNICIPAL MYRIAM PORTELLA NUNES;RUA TOMAZ CAMPELO, 5763 SACI;SACI;259
97;216;ESCOLA MUNICIPAL MYRIAM PORTELLA NUNES;RUA TOMAZ CAMPELO, 5763 SACI;SACI;277
97;244;ESCOLA MUNICIPAL MYRIAM PORTELLA NUNES;RUA TOMAZ CAMPELO, 5763 SACI;SACI;281
97;272;ESCOLA MUNICIPAL MYRIAM PORTELLA NUNES;RUA TOMAZ CAMPELO, 5763 SACI;SACI;284
97;300;ESCOLA MUNICIPAL MYRIAM PORTELLA NUNES;RUA TOMAZ CAMPELO, 5763 SACI;SACI;258
97;560;ESCOLA MUNICIPAL MYRIAM PORTELLA NUNES;RUA TOMAZ CAMPELO, 5763 SACI;SACI;138
97;177;ESCOLA MUNICIPAL N.SRA.DO PERPETUO SOCORRO;RUA 09 - CERÂMICA CIL I;CERAMICA CIL;358
97;190;ESCOLA MUNICIPAL N.SRA.DO PERPETUO SOCORRO;RUA 09 - CERÂMICA CIL I;CERAMICA CIL;374
97;207;ESCOLA MUNICIPAL N.SRA.DO PERPETUO SOCORRO;RUA 09 - CERÂMICA CIL I;CERAMICA CIL;360
97;238;ESCOLA MUNICIPAL N.SRA.DO PERPETUO SOCORRO;RUA 09 - CERÂMICA CIL I;CERAMICA CIL;349
97;287;ESCOLA MUNICIPAL N.SRA.DO PERPETUO SOCORRO;RUA 09 - CERÂMICA CIL I;CERAMICA CIL;351
97;247;ESCOLA MUNICIPAL PARQUE PIAUÍ (ANTIGO CENTRO DE EDUCAÇÃO PARQUE PIAUÍ);AV HENRY WALL DE CARVALHO, 6709;PARQUE PIAUI;298
97;324;ESCOLA MUNICIPAL PARQUE PIAUÍ (ANTIGO CENTRO DE EDUCAÇÃO PARQUE PIAUÍ);AV HENRY WALL DE CARVALHO, 6709;PARQUE PIAUI;283
97;549;ESCOLA MUNICIPAL PARQUE PIAUÍ (ANTIGO CENTRO DE EDUCAÇÃO PARQUE PIAUÍ);AV HENRY WALL DE CARVALHO, 6709;PARQUE PIAUI;275
97;620;ESCOLA MUNICIPAL PARQUE PIAUÍ (ANTIGO CENTRO DE EDUCAÇÃO PARQUE PIAUÍ);AV HENRY WALL DE CARVALHO, 6709;PARQUE PIAUI;251
97;639;ESCOLA MUNICIPAL PARQUE PIAUÍ (ANTIGO CENTRO DE EDUCAÇÃO PARQUE PIAUÍ);AV HENRY WALL DE CARVALHO, 6709;PARQUE PIAUI;232
97;290;ESCOLA MUNICIPAL PIRIPIRI;PI 130, KM 19 - FAZENDA PIRIPIRI - CERÂMICA CIL II;CERAMICA CIL;364
97;540;ESCOLA MUNICIPAL PIRIPIRI;PI 130, KM 19 - FAZENDA PIRIPIRI - CERÂMICA CIL II;CERAMICA CIL;238
97;602;ESCOLA MUNICIPAL PIRIPIRI;PI 130, KM 19 - FAZENDA PIRIPIRI - CERÂMICA CIL II;CERAMICA CIL;237
97;249;ESCOLA MUNICIPAL PROFA ZORAIDE ALMEIDA;RUA TERESA FERREIRA SOARES, 9350;ANGELIM SUL;363
97;269;ESCOLA MUNICIPAL PROFA ZORAIDE ALMEIDA;RUA TERESA FERREIRA SOARES, 9350;ANGELIM SUL;344
97;288;ESCOLA MUNICIPAL PROFA ZORAIDE ALMEIDA;RUA TERESA FERREIRA SOARES, 9350;ANGELIM SUL;352
97;313;ESCOLA MUNICIPAL PROFA ZORAIDE ALMEIDA;RUA TERESA FERREIRA SOARES, 9350;ANGELIM SUL;337
97;545;ESCOLA MUNICIPAL PROFA ZORAIDE ALMEIDA;RUA TERESA FERREIRA SOARES, 9350;ANGELIM SUL;293
97;601;ESCOLA MUNICIPAL PROFA ZORAIDE ALMEIDA;RUA TERESA FERREIRA SOARES, 9350;ANGELIM SUL;298
97;619;ESCOLA MUNICIPAL PROFA ZORAIDE ALMEIDA;RUA TERESA FERREIRA SOARES, 9350;ANGELIM SUL;298
97;320;ESCOLA MUNICIPAL RAIMUNDO NONATO MONTEIRO DE SANTANA;RUA NOSSA SENHORA APARECIDA, 2911;VILA IRMA DULCE;302
97;345;ESCOLA MUNICIPAL RAIMUNDO NONATO MONTEIRO DE SANTANA;RUA NOSSA SENHORA APARECIDA, 2911;VILA IRMA DULCE;279
97;563;ESCOLA MUNICIPAL RAIMUNDO NONATO MONTEIRO DE SANTANA;RUA NOSSA SENHORA APARECIDA, 2911;VILA IRMA DULCE;278
97;603;ESCOLA MUNICIPAL RAIMUNDO NONATO MONTEIRO DE SANTANA;RUA NOSSA SENHORA APARECIDA, 2911;VILA IRMA DULCE;279
97;611;ESCOLA MUNICIPAL RAIMUNDO NONATO MONTEIRO DE SANTANA;RUA NOSSA SENHORA APARECIDA, 2911;VILA IRMA DULCE;279
97;632;ESCOLA MUNICIPAL RAIMUNDO NONATO MONTEIRO DE SANTANA;RUA NOSSA SENHORA APARECIDA, 2911;VILA IRMA DULCE;278
97;197;ESCOLA MUNICIPAL SANTA FE;QUADRA 01, 1345;SANTA FE;356
97;218;ESCOLA MUNICIPAL SANTA FE;QUADRA 01, 1345;SANTA FE;342
97;230;ESCOLA MUNICIPAL SANTA FE;QUADRA 01, 1345;SANTA FE;327
97;257;ESCOLA MUNICIPAL SANTA FE;QUADRA 01, 1345;SANTA FE;322
97;275;ESCOLA MUNICIPAL SANTA FE;QUADRA 01, 1345;SANTA FE;336
97;308;ESCOLA MUNICIPAL SANTA FE;QUADRA 01, 1345;SANTA FE;339
97;329;ESCOLA MUNICIPAL SANTA FE;QUADRA 01, 1345;SANTA FE;326
97;344;ESCOLA MUNICIPAL SANTA FE;QUADRA 01, 1345;SANTA FE;337
97;546;ESCOLA MUNICIPAL SANTA FE;QUADRA 01, 1345;SANTA FE;296
97;595;ESCOLA MUNICIPAL SANTA FE;QUADRA 01, 1345;SANTA FE;298
97;381;ESCOLA TÉCNICA DE TEATRO GOMES CAMPOS;RUA JONATAS BATISTA, 841, CENTRO-NORTE;CENTRO;265
97;27;INSTITUTO DE METROLOGIA DO ESTADO DO PIAUÍ - IMEPI;AV. BARÃO DE GURGUÉIA, 3336;TABULETA;223
97;335;INSTITUTO DE METROLOGIA DO ESTADO DO PIAUÍ - IMEPI;AV. BARÃO DE GURGUÉIA, 3336;TABULETA;230
97;572;INSTITUTO DE METROLOGIA DO ESTADO DO PIAUÍ - IMEPI;AV. BARÃO DE GURGUÉIA, 3336;TABULETA;208
97;416;INSTITUTO DOM BARRETO;RUA GABRIEL FERREIRA, 691, NORTE;CENTRO;134
97;434;INSTITUTO DOM BARRETO;RUA GABRIEL FERREIRA, 691, NORTE;CENTRO;177
97;435;INSTITUTO DOM BARRETO;RUA GABRIEL FERREIRA, 691, NORTE;CENTRO;175
97;436;INSTITUTO DOM BARRETO;RUA GABRIEL FERREIRA, 691, NORTE;CENTRO;176
97;437;INSTITUTO DOM BARRETO;RUA GABRIEL FERREIRA, 691, NORTE;CENTRO;175
97;438;INSTITUTO DOM BARRETO;RUA GABRIEL FERREIRA, 691, NORTE;CENTRO;176
97;439;INSTITUTO DOM BARRETO;RUA GABRIEL FERREIRA, 691, NORTE;CENTRO;175
97;597;INSTITUTO EDUCACIONAL AFONSO MAFRENSE;RUA FRANCISCA DE MELO LOBO, 5540;SACI;335
97;635;INSTITUTO EDUCACIONAL AFONSO MAFRENSE;RUA FRANCISCA DE MELO LOBO, 5540;SACI;47
97;361;INSTITUTO FEDERAL DE EDUCAÇÃO, CIÊNCIA E TECNOLOGIA DO PIAUÍ - IFPI;RUA ÁLVARO MENDES, 1597, PRAÇA DA LIBERDADE;CENTRO;95
97;365;INSTITUTO FEDERAL DE EDUCAÇÃO, CIÊNCIA E TECNOLOGIA DO PIAUÍ - IFPI;RUA ÁLVARO MENDES, 1597, PRAÇA DA LIBERDADE;CENTRO;96
97;417;INSTITUTO FEDERAL DE EDUCAÇÃO, CIÊNCIA E TECNOLOGIA DO PIAUÍ - IFPI;RUA ÁLVARO MENDES, 1597, PRAÇA DA LIBERDADE;CENTRO;235
97;577;INSTITUTO FEDERAL DE EDUCAÇÃO, CIÊNCIA E TECNOLOGIA DO PIAUÍ - IFPI;RUA ÁLVARO MENDES, 1597, PRAÇA DA LIBERDADE;CENTRO;233
97;389;INSTITUTO SUPERIOR DE EDUCAÇÃO ANTONINO FREIRE;RUA RUI BARBOSA COM ALAMEDA PARNAIBA (PRAÇA FIRMINA SOBREIRA), S/N;MATINHA;272
97;390;INSTITUTO SUPERIOR DE EDUCAÇÃO ANTONINO FREIRE;RUA RUI BARBOSA COM ALAMEDA PARNAIBA (PRAÇA FIRMINA SOBREIRA), S/N;MATINHA;270
97;391;INSTITUTO SUPERIOR DE EDUCAÇÃO ANTONINO FREIRE;RUA RUI BARBOSA COM ALAMEDA PARNAIBA (PRAÇA FIRMINA SOBREIRA), S/N;MATINHA;271
97;392;INSTITUTO SUPERIOR DE EDUCAÇÃO ANTONINO FREIRE;RUA RUI BARBOSA COM ALAMEDA PARNAIBA (PRAÇA FIRMINA SOBREIRA), S/N;MATINHA;274
97;393;INSTITUTO SUPERIOR DE EDUCAÇÃO ANTONINO FREIRE;RUA RUI BARBOSA COM ALAMEDA PARNAIBA (PRAÇA FIRMINA SOBREIRA), S/N;MATINHA;271
97;394;INSTITUTO SUPERIOR DE EDUCAÇÃO ANTONINO FREIRE;RUA RUI BARBOSA COM ALAMEDA PARNAIBA (PRAÇA FIRMINA SOBREIRA), S/N;MATINHA;273
97;395;INSTITUTO SUPERIOR DE EDUCAÇÃO ANTONINO FREIRE;RUA RUI BARBOSA COM ALAMEDA PARNAIBA (PRAÇA FIRMINA SOBREIRA), S/N;MATINHA;271
97;558;INSTITUTO SUPERIOR DE EDUCAÇÃO ANTONINO FREIRE;RUA RUI BARBOSA COM ALAMEDA PARNAIBA (PRAÇA FIRMINA SOBREIRA), S/N;MATINHA;272
97;384;MEMORIAL ESPERANÇA GARCIA;AV. MIGUEL ROSA, 3400, ESQUINA COM A RUA SÃO PEDRO;CENTRO;305
97;578;MEMORIAL ESPERANÇA GARCIA;AV. MIGUEL ROSA, 3400, ESQUINA COM A RUA SÃO PEDRO;CENTRO;28
97;22;NÚCLEO DE ALTAS HABILIDADES - NAAH/S - ANTIGA U.E ARLINDO NOGUEIRA;RUA HERMINIO CONDE, 1185;TABULETA;190
97;23;NÚCLEO DE ALTAS HABILIDADES - NAAH/S - ANTIGA U.E ARLINDO NOGUEIRA;RUA HERMINIO CONDE, 1185;TABULETA;192
97;24;NÚCLEO DE ALTAS HABILIDADES - NAAH/S - ANTIGA U.E ARLINDO NOGUEIRA;RUA HERMINIO CONDE, 1185;TABULETA;190
97;25;NÚCLEO DE ALTAS HABILIDADES - NAAH/S - ANTIGA U.E ARLINDO NOGUEIRA;RUA HERMINIO CONDE, 1185;TABULETA;190
97;26;NÚCLEO DE ALTAS HABILIDADES - NAAH/S - ANTIGA U.E ARLINDO NOGUEIRA;RUA HERMINIO CONDE, 1185;TABULETA;190
97;626;NÚCLEO DE ALTAS HABILIDADES - NAAH/S - ANTIGA U.E ARLINDO NOGUEIRA;RUA HERMINIO CONDE, 1185;TABULETA;45
97;532;SECRETARIA DE ESTADO DO DESENVOLVIMENTO RURAL - SDR;RUA JOAO CABRAL, 2319;PIRAJA;137
97;533;SECRETARIA DE ESTADO DO DESENVOLVIMENTO RURAL - SDR;RUA JOAO CABRAL, 2319;PIRAJA;135
97;534;SECRETARIA DE ESTADO DO DESENVOLVIMENTO RURAL - SDR;RUA JOAO CABRAL, 2319;PIRAJA;136
97;66;SENAC - UNIDADE PARQUE PIAUÍ;QUADRA 111, S/N, PARQUE PIAUÍ;PARQUE PIAUI;293
97;67;SENAC - UNIDADE PARQUE PIAUÍ;QUADRA 111, S/N, PARQUE PIAUÍ;PARQUE PIAUI;301
97;68;SENAC - UNIDADE PARQUE PIAUÍ;QUADRA 111, S/N, PARQUE PIAUÍ;PARQUE PIAUI;299
97;69;SENAC - UNIDADE PARQUE PIAUÍ;QUADRA 111, S/N, PARQUE PIAUÍ;PARQUE PIAUI;294
97;70;SENAC - UNIDADE PARQUE PIAUÍ;QUADRA 111, S/N, PARQUE PIAUÍ;PARQUE PIAUI;293
97;71;SENAC - UNIDADE PARQUE PIAUÍ;QUADRA 111, S/N, PARQUE PIAUÍ;PARQUE PIAUI;302
97;256;SENAC - UNIDADE PARQUE PIAUÍ;QUADRA 111, S/N, PARQUE PIAUÍ;PARQUE PIAUI;285
97;307;SERVIÇO FLORESCER (ANTIGO CMEI MARIANA DA SILVA SANTOS);PI 130 KM 12 RUA 03 - POVOADO SALOBRO;ZONA RURAL;229
97;590;SERVIÇO FLORESCER (ANTIGO CMEI MARIANA DA SILVA SANTOS);PI 130 KM 12 RUA 03 - POVOADO SALOBRO;ZONA RURAL;211
97;376;UNIDADE ESCOLAR BENJAMIN BAPTISTA;RUA JONATAS BATISTA, 791, CENTRO-NORTE;CENTRO;133
97;377;UNIDADE ESCOLAR BENJAMIN BAPTISTA;RUA JONATAS BATISTA, 791, CENTRO-NORTE;CENTRO;127
97;378;UNIDADE ESCOLAR BENJAMIN BAPTISTA;RUA JONATAS BATISTA, 791, CENTRO-NORTE;CENTRO;135
97;379;UNIDADE ESCOLAR BENJAMIN BAPTISTA;RUA JONATAS BATISTA, 791, CENTRO-NORTE;CENTRO;128
97;380;UNIDADE ESCOLAR BENJAMIN BAPTISTA;RUA JONATAS BATISTA, 791, CENTRO-NORTE;CENTRO;130
97;93;UNIDADE ESCOLAR DOMICIO MAGALHAES;AV. ULISSES GUIMARAES S/N;PROMORAR;295
97;94;UNIDADE ESCOLAR DOMICIO MAGALHAES;AV. ULISSES GUIMARAES S/N;PROMORAR;275
97;95;UNIDADE ESCOLAR DOMICIO MAGALHAES;AV. ULISSES GUIMARAES S/N;PROMORAR;282
97;96;UNIDADE ESCOLAR DOMICIO MAGALHAES;AV. ULISSES GUIMARAES S/N;PROMORAR;275
97;97;UNIDADE ESCOLAR DOMICIO MAGALHAES;AV. ULISSES GUIMARAES S/N;PROMORAR;280
97;98;UNIDADE ESCOLAR DOMICIO MAGALHAES;AV. ULISSES GUIMARAES S/N;PROMORAR;278
97;99;UNIDADE ESCOLAR DOMICIO MAGALHAES;AV. ULISSES GUIMARAES S/N;PROMORAR;289
97;100;UNIDADE ESCOLAR DOMICIO MAGALHAES;AV. ULISSES GUIMARAES S/N;PROMORAR;279
97;101;UNIDADE ESCOLAR DOMICIO MAGALHAES;AV. ULISSES GUIMARAES S/N;PROMORAR;285
97;102;UNIDADE ESCOLAR DOMICIO MAGALHAES;AV. ULISSES GUIMARAES S/N;PROMORAR;299
97;103;UNIDADE ESCOLAR DOMICIO MAGALHAES;AV. ULISSES GUIMARAES S/N;PROMORAR;287
97;193;UNIDADE ESCOLAR DOMICIO MAGALHAES;AV. ULISSES GUIMARAES S/N;PROMORAR;283
97;194;UNIDADE ESCOLAR DOMICIO MAGALHAES;AV. ULISSES GUIMARAES S/N;PROMORAR;279
97;74;UNIDADE ESCOLAR ESTADO DE SAO PAULO;AV. TRANSVERSAL, S/N;PARQUE PIAUI;313
97;75;UNIDADE ESCOLAR ESTADO DE SAO PAULO;AV. TRANSVERSAL, S/N;PARQUE PIAUI;305
97;76;UNIDADE ESCOLAR ESTADO DE SAO PAULO;AV. TRANSVERSAL, S/N;PARQUE PIAUI;317
97;77;UNIDADE ESCOLAR ESTADO DE SAO PAULO;AV. TRANSVERSAL, S/N;PARQUE PIAUI;309
97;78;UNIDADE ESCOLAR ESTADO DE SAO PAULO;AV. TRANSVERSAL, S/N;PARQUE PIAUI;313
97;79;UNIDADE ESCOLAR ESTADO DE SAO PAULO;AV. TRANSVERSAL, S/N;PARQUE PIAUI;312
97;544;UNIDADE ESCOLAR ESTADO DE SAO PAULO;AV. TRANSVERSAL, S/N;PARQUE PIAUI;291
97;594;UNIDADE ESCOLAR ESTADO DE SAO PAULO;AV. TRANSVERSAL, S/N;PARQUE PIAUI;290
97;305;UNIDADE ESCOLAR FLORISA SILVA;QUADRA 127 S/N;PROMORAR;318
97;351;UNIDADE ESCOLAR FLORISA SILVA;QUADRA 127 S/N;PROMORAR;294
97;587;UNIDADE ESCOLAR FLORISA SILVA;QUADRA 127 S/N;PROMORAR;296
97;596;UNIDADE ESCOLAR FLORISA SILVA;QUADRA 127 S/N;PROMORAR;293
97;607;UNIDADE ESCOLAR FLORISA SILVA;QUADRA 127 S/N;PROMORAR;299
97;644;UNIDADE ESCOLAR FLORISA SILVA;QUADRA 127 S/N;PROMORAR;299
97;396;UNIDADE ESCOLAR GABRIEL FERREIRA;AV. BARAO DE GURGUEIA 1449 (ENTRADA PELA RUA ASTROLÁBIO PASSOS, S/Nº);VERMELHA;275
97;397;UNIDADE ESCOLAR GABRIEL FERREIRA;AV. BARAO DE GURGUEIA 1449 (ENTRADA PELA RUA ASTROLÁBIO PASSOS, S/Nº);VERMELHA;272
97;398;UNIDADE ESCOLAR GABRIEL FERREIRA;AV. BARAO DE GURGUEIA 1449 (ENTRADA PELA RUA ASTROLÁBIO PASSOS, S/Nº);VERMELHA;274
97;399;UNIDADE ESCOLAR GABRIEL FERREIRA;AV. BARAO DE GURGUEIA 1449 (ENTRADA PELA RUA ASTROLÁBIO PASSOS, S/Nº);VERMELHA;274
97;400;UNIDADE ESCOLAR GABRIEL FERREIRA;AV. BARAO DE GURGUEIA 1449 (ENTRADA PELA RUA ASTROLÁBIO PASSOS, S/Nº);VERMELHA;273
97;524;UNIDADE ESCOLAR GABRIEL FERREIRA;AV. BARAO DE GURGUEIA 1449 (ENTRADA PELA RUA ASTROLÁBIO PASSOS, S/Nº);VERMELHA;198
97;527;UNIDADE ESCOLAR GABRIEL FERREIRA;AV. BARAO DE GURGUEIA 1449 (ENTRADA PELA RUA ASTROLÁBIO PASSOS, S/Nº);VERMELHA;184
97;551;UNIDADE ESCOLAR GABRIEL FERREIRA;AV. BARAO DE GURGUEIA 1449 (ENTRADA PELA RUA ASTROLÁBIO PASSOS, S/Nº);VERMELHA;270
97;441;UNIDADE ESCOLAR GODOFREDO FREIRE;AV. MIGUEL ROSA S/N, CENTRO-SUL;CENTRO;229
97;442;UNIDADE ESCOLAR GODOFREDO FREIRE;AV. MIGUEL ROSA S/N, CENTRO-SUL;CENTRO;228
97;443;UNIDADE ESCOLAR GODOFREDO FREIRE;AV. MIGUEL ROSA S/N, CENTRO-SUL;CENTRO;207
97;564;UNIDADE ESCOLAR GODOFREDO FREIRE;AV. MIGUEL ROSA S/N, CENTRO-SUL;CENTRO;150
97;374;UNIDADE ESCOLAR JOAO CLIMACO DALMEIDA;RUA 13 DE MAIO, 884, CENTRO-NORTE;CENTRO;279
97;375;UNIDADE ESCOLAR JOAO CLIMACO DALMEIDA;RUA 13 DE MAIO, 884, CENTRO-NORTE;CENTRO;278
97;583;UNIDADE ESCOLAR LUCAS MEIRELES ALVES;RUA CHICO XAVIER, S/N, ASSENTAMENTO 17 DE ABRIL;CHAPADINHA SUL - ASSENTAMENTO 17 DE ABRIL;267
97;3;UNIDADE ESCOLAR MARIA DINA SOARES;RUA 13 DE MAIO S/N;PIO XII;293
97;4;UNIDADE ESCOLAR MARIA DINA SOARES;RUA 13 DE MAIO S/N;PIO XII;288
97;5;UNIDADE ESCOLAR MARIA DINA SOARES;RUA 13 DE MAIO S/N;PIO XII;288
97;6;UNIDADE ESCOLAR MARIA DINA SOARES;RUA 13 DE MAIO S/N;PIO XII;291
97;566;UNIDADE ESCOLAR MARIA DINA SOARES;RUA 13 DE MAIO S/N;PIO XII;291
97;104;UNIDADE ESCOLAR MARTINS NAPOLEAO;AV. PRINCIPAL, S/N, EM FRENTE AO MERCADO PÚBLICO DO PROMORAR;PROMORAR;286
97;105;UNIDADE ESCOLAR MARTINS NAPOLEAO;AV. PRINCIPAL, S/N, EM FRENTE AO MERCADO PÚBLICO DO PROMORAR;PROMORAR;280
97;106;UNIDADE ESCOLAR MARTINS NAPOLEAO;AV. PRINCIPAL, S/N, EM FRENTE AO MERCADO PÚBLICO DO PROMORAR;PROMORAR;280
97;107;UNIDADE ESCOLAR MARTINS NAPOLEAO;AV. PRINCIPAL, S/N, EM FRENTE AO MERCADO PÚBLICO DO PROMORAR;PROMORAR;277
97;108;UNIDADE ESCOLAR MARTINS NAPOLEAO;AV. PRINCIPAL, S/N, EM FRENTE AO MERCADO PÚBLICO DO PROMORAR;PROMORAR;281
97;109;UNIDADE ESCOLAR MARTINS NAPOLEAO;AV. PRINCIPAL, S/N, EM FRENTE AO MERCADO PÚBLICO DO PROMORAR;PROMORAR;281
97;110;UNIDADE ESCOLAR MARTINS NAPOLEAO;AV. PRINCIPAL, S/N, EM FRENTE AO MERCADO PÚBLICO DO PROMORAR;PROMORAR;277
97;111;UNIDADE ESCOLAR MARTINS NAPOLEAO;AV. PRINCIPAL, S/N, EM FRENTE AO MERCADO PÚBLICO DO PROMORAR;PROMORAR;282
97;112;UNIDADE ESCOLAR MARTINS NAPOLEAO;AV. PRINCIPAL, S/N, EM FRENTE AO MERCADO PÚBLICO DO PROMORAR;PROMORAR;280
97;113;UNIDADE ESCOLAR MARTINS NAPOLEAO;AV. PRINCIPAL, S/N, EM FRENTE AO MERCADO PÚBLICO DO PROMORAR;PROMORAR;285
97;114;UNIDADE ESCOLAR MARTINS NAPOLEAO;AV. PRINCIPAL, S/N, EM FRENTE AO MERCADO PÚBLICO DO PROMORAR;PROMORAR;291
97;195;UNIDADE ESCOLAR MERCEDES COSTA;AV. PRINCIPAL, S/N, PROMORAR;PROMORAR;308
97;206;UNIDADE ESCOLAR MERCEDES COSTA;AV. PRINCIPAL, S/N, PROMORAR;PROMORAR;307
97;219;UNIDADE ESCOLAR MERCEDES COSTA;AV. PRINCIPAL, S/N, PROMORAR;PROMORAR;292
97;223;UNIDADE ESCOLAR MERCEDES COSTA;AV. PRINCIPAL, S/N, PROMORAR;PROMORAR;310
97;232;UNIDADE ESCOLAR MERCEDES COSTA;AV. PRINCIPAL, S/N, PROMORAR;PROMORAR;292
97;246;UNIDADE ESCOLAR MERCEDES COSTA;AV. PRINCIPAL, S/N, PROMORAR;PROMORAR;296
97;277;UNIDADE ESCOLAR MERCEDES COSTA;AV. PRINCIPAL, S/N, PROMORAR;PROMORAR;301
97;543;UNIDADE ESCOLAR MERCEDES COSTA;AV. PRINCIPAL, S/N, PROMORAR;PROMORAR;291
97;133;UNIDADE ESCOLAR MOACI MADEIRA CAMPOS;AREA ESCOLAR DO CONJUTO SACI;SACI;325
97;134;UNIDADE ESCOLAR MOACI MADEIRA CAMPOS;AREA ESCOLAR DO CONJUTO SACI;SACI;328
97;135;UNIDADE ESCOLAR MOACI MADEIRA CAMPOS;AREA ESCOLAR DO CONJUTO SACI;SACI;317
97;136;UNIDADE ESCOLAR MOACI MADEIRA CAMPOS;AREA ESCOLAR DO CONJUTO SACI;SACI;317
97;137;UNIDADE ESCOLAR MOACI MADEIRA CAMPOS;AREA ESCOLAR DO CONJUTO SACI;SACI;300
97;138;UNIDADE ESCOLAR MOACI MADEIRA CAMPOS;AREA ESCOLAR DO CONJUTO SACI;SACI;328
97;556;UNIDADE ESCOLAR MOACI MADEIRA CAMPOS;AREA ESCOLAR DO CONJUTO SACI;SACI;214
97;589;UNIDADE ESCOLAR MOACI MADEIRA CAMPOS;AREA ESCOLAR DO CONJUTO SACI;SACI;186
97;72;UNIDADE ESCOLAR MONSENHOR CICERO PORTELA;AO LADO DO COMPLEXO PARQUE PIAUI S/N;PARQUE PIAUI;252
97;82;UNIDADE ESCOLAR MONSENHOR CICERO PORTELA;AO LADO DO COMPLEXO PARQUE PIAUI S/N;PARQUE PIAUI;252
97;83;UNIDADE ESCOLAR MONSENHOR CICERO PORTELA;AO LADO DO COMPLEXO PARQUE PIAUI S/N;PARQUE PIAUI;245
97;84;UNIDADE ESCOLAR MONSENHOR CICERO PORTELA;AO LADO DO COMPLEXO PARQUE PIAUI S/N;PARQUE PIAUI;250
97;227;UNIDADE ESCOLAR MONSENHOR CICERO PORTELA;AO LADO DO COMPLEXO PARQUE PIAUI S/N;PARQUE PIAUI;243
97;245;UNIDADE ESCOLAR MONSENHOR CICERO PORTELA;AO LADO DO COMPLEXO PARQUE PIAUI S/N;PARQUE PIAUI;250
97;284;UNIDADE ESCOLAR MONSENHOR CICERO PORTELA;AO LADO DO COMPLEXO PARQUE PIAUI S/N;PARQUE PIAUI;253
97;562;UNIDADE ESCOLAR MONSENHOR CICERO PORTELA;AO LADO DO COMPLEXO PARQUE PIAUI S/N;PARQUE PIAUI;234
97;14;UNIDADE ESCOLAR NAIR GONCALVES;RUA GILBUES, 3190;SAO PEDRO;240
97;15;UNIDADE ESCOLAR NAIR GONCALVES;RUA GILBUES, 3190;SAO PEDRO;241
97;16;UNIDADE ESCOLAR NAIR GONCALVES;RUA GILBUES, 3190;SAO PEDRO;242
97;20;UNIDADE ESCOLAR NAIR GONCALVES;RUA GILBUES, 3190;SAO PEDRO;243
97;21;UNIDADE ESCOLAR NAIR GONCALVES;RUA GILBUES, 3190;SAO PEDRO;242
97;585;UNIDADE ESCOLAR NAIR GONCALVES;RUA GILBUES, 3190;SAO PEDRO;240
97;85;UNIDADE ESCOLAR PADRE JOSE DO REGO;RUA RAIMUNDA CARDOSO, S/N, AO LADO DO CMEI MARIA JESUS DIOCESANO;PARQUE PIAUI;270
97;86;UNIDADE ESCOLAR PADRE JOSE DO REGO;RUA RAIMUNDA CARDOSO, S/N, AO LADO DO CMEI MARIA JESUS DIOCESANO;PARQUE PIAUI;263
97;557;UNIDADE ESCOLAR PADRE JOSE DO REGO;RUA RAIMUNDA CARDOSO, S/N, AO LADO DO CMEI MARIA JESUS DIOCESANO;PARQUE PIAUI;180
97;401;UNIDADE ESCOLAR PAULO FERRAZ;RUA 13 DE MAIO, 1189;VERMELHA;238
97;402;UNIDADE ESCOLAR PAULO FERRAZ;RUA 13 DE MAIO, 1189;VERMELHA;234
97;403;UNIDADE ESCOLAR PAULO FERRAZ;RUA 13 DE MAIO, 1189;VERMELHA;246
97;404;UNIDADE ESCOLAR PAULO FERRAZ;RUA 13 DE MAIO, 1189;VERMELHA;241
97;405;UNIDADE ESCOLAR PAULO FERRAZ;RUA 13 DE MAIO, 1189;VERMELHA;236
97;406;UNIDADE ESCOLAR PAULO FERRAZ;RUA 13 DE MAIO, 1189;VERMELHA;238
97;576;UNIDADE ESCOLAR PAULO FERRAZ;RUA 13 DE MAIO, 1189;VERMELHA;236
97;87;UNIDADE ESCOLAR PROFESSOR AGRIPINO OLIVEIRA;EM FRENTE À QUADRA 101, AO LADO DA ESCOLA MUNICIPAL ESTHER COUTO;PARQUE PIAUI;266
97;88;UNIDADE ESCOLAR PROFESSOR AGRIPINO OLIVEIRA;EM FRENTE À QUADRA 101, AO LADO DA ESCOLA MUNICIPAL ESTHER COUTO;PARQUE PIAUI;254
97;89;UNIDADE ESCOLAR PROFESSOR AGRIPINO OLIVEIRA;EM FRENTE À QUADRA 101, AO LADO DA ESCOLA MUNICIPAL ESTHER COUTO;PARQUE PIAUI;270
97;575;UNIDADE ESCOLAR PROFESSOR AGRIPINO OLIVEIRA;EM FRENTE À QUADRA 101, AO LADO DA ESCOLA MUNICIPAL ESTHER COUTO;PARQUE PIAUI;195
97;73;UNIDADE ESCOLAR PROFESSOR ANTONIO MARIA MADEIRA;POR TRAS DA UNIDADE ESCOLAR CICERO PORTELA S/N;PARQUE PIAUI;253
97;90;UNIDADE ESCOLAR PROFESSOR ANTONIO MARIA MADEIRA;POR TRAS DA UNIDADE ESCOLAR CICERO PORTELA S/N;PARQUE PIAUI;247
97;91;UNIDADE ESCOLAR PROFESSOR ANTONIO MARIA MADEIRA;POR TRAS DA UNIDADE ESCOLAR CICERO PORTELA S/N;PARQUE PIAUI;234
97;92;UNIDADE ESCOLAR PROFESSOR ANTONIO MARIA MADEIRA;POR TRAS DA UNIDADE ESCOLAR CICERO PORTELA S/N;PARQUE PIAUI;247
97;303;UNIDADE ESCOLAR PROFESSORA SHIRLEY COSTA E SILVA;ENTRE AS QUADRAS 103 E 104;PARQUE PIAUI;323
97;350;UNIDADE ESCOLAR PROFESSORA SHIRLEY COSTA E SILVA;ENTRE AS QUADRAS 103 E 104;PARQUE PIAUI;219
97;615;UNIDADE ESCOLAR PROFESSORA SHIRLEY COSTA E SILVA;ENTRE AS QUADRAS 103 E 104;PARQUE PIAUI;199
97;409;UNIDADE ESCOLAR SEVERIANO SOUSA;RUA SAO PAULO, 915;ACARAPE;360
97;410;UNIDADE ESCOLAR SEVERIANO SOUSA;RUA SAO PAULO, 915;ACARAPE;360
97;411;UNIDADE ESCOLAR SEVERIANO SOUSA;RUA SAO PAULO, 915;ACARAPE;361
97;412;UNIDADE ESCOLAR SEVERIANO SOUSA;RUA SAO PAULO, 915;ACARAPE;363
97;550;UNIDADE ESCOLAR SEVERIANO SOUSA;RUA SAO PAULO, 915;ACARAPE;287
97;115;UNIDADE ESCOLAR SOLANGE VIANA;AV. ULISSES GUIMARAES S/N;PROMORAR;278
97;116;UNIDADE ESCOLAR SOLANGE VIANA;AV. ULISSES GUIMARAES S/N;PROMORAR;290
97;117;UNIDADE ESCOLAR SOLANGE VIANA;AV. ULISSES GUIMARAES S/N;PROMORAR;287
97;118;UNIDADE ESCOLAR SOLANGE VIANA;AV. ULISSES GUIMARAES S/N;PROMORAR;278
97;119;UNIDADE ESCOLAR SOLANGE VIANA;AV. ULISSES GUIMARAES S/N;PROMORAR;281
97;120;UNIDADE ESCOLAR SOLANGE VIANA;AV. ULISSES GUIMARAES S/N;PROMORAR;279
97;121;UNIDADE ESCOLAR SOLANGE VIANA;AV. ULISSES GUIMARAES S/N;PROMORAR;283
97;122;UNIDADE ESCOLAR SOLANGE VIANA;AV. ULISSES GUIMARAES S/N;PROMORAR;280
97;123;UNIDADE ESCOLAR SOLANGE VIANA;AV. ULISSES GUIMARAES S/N;PROMORAR;281
97;124;UNIDADE ESCOLAR SOLANGE VIANA;AV. ULISSES GUIMARAES S/N;PROMORAR;286
97;125;UNIDADE ESCOLAR SOLANGE VIANA;AV. ULISSES GUIMARAES S/N;PROMORAR;283
97;126;UNIDADE ESCOLAR SOLANGE VIANA;AV. ULISSES GUIMARAES S/N;PROMORAR;295
97;407;UNIVERSIDADE ESTADUAL DO PIAUI - UESPI;RUA JOAO CABRAL, 2231;PIRAJA;315
97;408;UNIVERSIDADE ESTADUAL DO PIAUI - UESPI;RUA JOAO CABRAL, 2231;PIRAJA;311
97;507;UNIVERSIDADE ESTADUAL DO PIAUI - UESPI;RUA JOAO CABRAL, 2231;PIRAJA;286
97;508;UNIVERSIDADE ESTADUAL DO PIAUI - UESPI;RUA JOAO CABRAL, 2231;PIRAJA;289
97;509;UNIVERSIDADE ESTADUAL DO PIAUI - UESPI;RUA JOAO CABRAL, 2231;PIRAJA;289
97;510;UNIVERSIDADE ESTADUAL DO PIAUI - UESPI;RUA JOAO CABRAL, 2231;PIRAJA;288
97;511;UNIVERSIDADE ESTADUAL DO PIAUI - UESPI;RUA JOAO CABRAL, 2231;PIRAJA;289
97;512;UNIVERSIDADE ESTADUAL DO PIAUI - UESPI;RUA JOAO CABRAL, 2231;PIRAJA;286
97;513;UNIVERSIDADE ESTADUAL DO PIAUI - UESPI;RUA JOAO CABRAL, 2231;PIRAJA;286
97;514;UNIVERSIDADE ESTADUAL DO PIAUI - UESPI;RUA JOAO CABRAL, 2231;PIRAJA;286
97;515;UNIVERSIDADE ESTADUAL DO PIAUI - UESPI;RUA JOAO CABRAL, 2231;PIRAJA;289
97;516;UNIVERSIDADE ESTADUAL DO PIAUI - UESPI;RUA JOAO CABRAL, 2231;PIRAJA;287
97;517;UNIVERSIDADE ESTADUAL DO PIAUI - UESPI;RUA JOAO CABRAL, 2231;PIRAJA;287
97;567;UNIVERSIDADE ESTADUAL DO PIAUI - UESPI;RUA JOAO CABRAL, 2231;PIRAJA;152
98;119;C.M.E.I EDUARDO HENRIQUE ACCIOLY;RUA ARISTIDES ALMEIDA, 454-534;SANTA ISABEL;378
98;120;C.M.E.I EDUARDO HENRIQUE ACCIOLY;RUA ARISTIDES ALMEIDA, 454-534;SANTA ISABEL;377
98;121;C.M.E.I EDUARDO HENRIQUE ACCIOLY;RUA ARISTIDES ALMEIDA, 454-534;SANTA ISABEL;371
98;320;C.M.E.I EDUARDO HENRIQUE ACCIOLY;RUA ARISTIDES ALMEIDA, 454-534;SANTA ISABEL;348
98;397;C.M.E.I EDUARDO HENRIQUE ACCIOLY;RUA ARISTIDES ALMEIDA, 454-534;SANTA ISABEL;350
98;417;C.M.E.I EDUARDO HENRIQUE ACCIOLY;RUA ARISTIDES ALMEIDA, 454-534;SANTA ISABEL;349
98;204;C.M.E.I PLANALTO URUGUAI;CONJUNTO PLANALTO URUGUAI, QUADRA A12, S/N;VALE QUEM TEM;371
98;223;C.M.E.I PLANALTO URUGUAI;CONJUNTO PLANALTO URUGUAI, QUADRA A12, S/N;VALE QUEM TEM;360
98;400;C.M.E.I PLANALTO URUGUAI;CONJUNTO PLANALTO URUGUAI, QUADRA A12, S/N;VALE QUEM TEM;312
98;405;C.M.E.I PLANALTO URUGUAI;CONJUNTO PLANALTO URUGUAI, QUADRA A12, S/N;VALE QUEM TEM;305
98;217;C.M.E.I SÃO VICENTE;RODOVIA PI 112 - KM 20;ZONA RURAL;168
98;407;C.M.E.I. ÁRVORES VERDES;AV NICANOR BARRETO SN - ESTRADA DA CACIMBA VELHA;POVOADO ÁRVORES VERDES;259
98;214;C.M.E.I. DANIELZINHO-CENTRO MUNICIPAL DE EDUCAÇÃO INFANTIL;RUA MELVIN JONES,S/N;PIÇARREIRA I;352
98;280;C.M.E.I. DANIELZINHO-CENTRO MUNICIPAL DE EDUCAÇÃO INFANTIL;RUA MELVIN JONES,S/N;PIÇARREIRA I;338
98;398;C.M.E.I. DANIELZINHO-CENTRO MUNICIPAL DE EDUCAÇÃO INFANTIL;RUA MELVIN JONES,S/N;PIÇARREIRA I;333
98;53;C.M.E.I. ROSEANA MARIA MARTINS DE LIMA;RUA CANAVIEIRA, S/N, GIOVANE PRADO, RES. TAQUARI, VALE QUEM TEM;TAQUARI;311
98;54;C.M.E.I. ROSEANA MARIA MARTINS DE LIMA;RUA CANAVIEIRA, S/N, GIOVANE PRADO, RES. TAQUARI, VALE QUEM TEM;TAQUARI;306
98;55;C.M.E.I. ROSEANA MARIA MARTINS DE LIMA;RUA CANAVIEIRA, S/N, GIOVANE PRADO, RES. TAQUARI, VALE QUEM TEM;TAQUARI;311
98;56;C.M.E.I. ROSEANA MARIA MARTINS DE LIMA;RUA CANAVIEIRA, S/N, GIOVANE PRADO, RES. TAQUARI, VALE QUEM TEM;TAQUARI;307
98;57;C.M.E.I. ROSEANA MARIA MARTINS DE LIMA;RUA CANAVIEIRA, S/N, GIOVANE PRADO, RES. TAQUARI, VALE QUEM TEM;TAQUARI;307
98;58;C.M.E.I. ROSEANA MARIA MARTINS DE LIMA;RUA CANAVIEIRA, S/N, GIOVANE PRADO, RES. TAQUARI, VALE QUEM TEM;TAQUARI;311
98;59;C.M.E.I. ROSEANA MARIA MARTINS DE LIMA;RUA CANAVIEIRA, S/N, GIOVANE PRADO, RES. TAQUARI, VALE QUEM TEM;TAQUARI;305
98;60;C.M.E.I. ROSEANA MARIA MARTINS DE LIMA;RUA CANAVIEIRA, S/N, GIOVANE PRADO, RES. TAQUARI, VALE QUEM TEM;TAQUARI;308
98;67;C.M.E.I. SANTA TERESINHA;LOCALIDADE CAMPESTRE NORTE;ZONA RURAL;389
98;68;C.M.E.I. SANTA TERESINHA;LOCALIDADE CAMPESTRE NORTE;ZONA RURAL;370
98;298;C.M.E.I. SANTA TERESINHA;LOCALIDADE CAMPESTRE NORTE;ZONA RURAL;300
98;404;C.M.E.I. SANTA TERESINHA;LOCALIDADE CAMPESTRE NORTE;ZONA RURAL;186
98;244;C.M.E.I.TIA SABINA;TR 415  POVOADO SANTA LUZ DE BAIXO;POVOADO SANTA LUZ DE BAIXO;355
98;384;C.M.E.I.TIA SABINA;TR 415  POVOADO SANTA LUZ DE BAIXO;POVOADO SANTA LUZ DE BAIXO;106
98;115;CCE - CENTRO DE CIÊNCIAS DA EDUCAÇÃO DA UFPI;CAMPUS UNIVERSITÁRIO DA ININGA, S/N;ININGA;381
98;116;CCE - CENTRO DE CIÊNCIAS DA EDUCAÇÃO DA UFPI;CAMPUS UNIVERSITÁRIO DA ININGA, S/N;ININGA;380
98;117;CCE - CENTRO DE CIÊNCIAS DA EDUCAÇÃO DA UFPI;CAMPUS UNIVERSITÁRIO DA ININGA, S/N;ININGA;380
98;118;CCE - CENTRO DE CIÊNCIAS DA EDUCAÇÃO DA UFPI;CAMPUS UNIVERSITÁRIO DA ININGA, S/N;ININGA;378
98;203;CCE - CENTRO DE CIÊNCIAS DA EDUCAÇÃO DA UFPI;CAMPUS UNIVERSITÁRIO DA ININGA, S/N;ININGA;356
98;208;CCE - CENTRO DE CIÊNCIAS DA EDUCAÇÃO DA UFPI;CAMPUS UNIVERSITÁRIO DA ININGA, S/N;ININGA;383
98;239;CCE - CENTRO DE CIÊNCIAS DA EDUCAÇÃO DA UFPI;CAMPUS UNIVERSITÁRIO DA ININGA, S/N;ININGA;377
98;256;CCE - CENTRO DE CIÊNCIAS DA EDUCAÇÃO DA UFPI;CAMPUS UNIVERSITÁRIO DA ININGA, S/N;ININGA;373
98;268;CCE - CENTRO DE CIÊNCIAS DA EDUCAÇÃO DA UFPI;CAMPUS UNIVERSITÁRIO DA ININGA, S/N;ININGA;376
98;275;CCE - CENTRO DE CIÊNCIAS DA EDUCAÇÃO DA UFPI;CAMPUS UNIVERSITÁRIO DA ININGA, S/N;ININGA;370
98;290;CCE - CENTRO DE CIÊNCIAS DA EDUCAÇÃO DA UFPI;CAMPUS UNIVERSITÁRIO DA ININGA, S/N;ININGA;381
98;325;CCE - CENTRO DE CIÊNCIAS DA EDUCAÇÃO DA UFPI;CAMPUS UNIVERSITÁRIO DA ININGA, S/N;ININGA;362
98;340;CCE - CENTRO DE CIÊNCIAS DA EDUCAÇÃO DA UFPI;CAMPUS UNIVERSITÁRIO DA ININGA, S/N;ININGA;355
98;418;CCE - CENTRO DE CIÊNCIAS DA EDUCAÇÃO DA UFPI;CAMPUS UNIVERSITÁRIO DA ININGA, S/N;ININGA;365
98;428;CCE - CENTRO DE CIÊNCIAS DA EDUCAÇÃO DA UFPI;CAMPUS UNIVERSITÁRIO DA ININGA, S/N;ININGA;257
98;8;CEB - CENTRO DE EDUCAÇÃO BÁSICA GOV FREITAS NETO-CETI GOV FREITAS NETO;RUA CAPITÃO WANDERLEY, S/N;PIÇARREIRA I;362
98;81;CEB - CENTRO DE EDUCAÇÃO BÁSICA GOV FREITAS NETO-CETI GOV FREITAS NETO;RUA CAPITÃO WANDERLEY, S/N;PIÇARREIRA I;361
98;82;CEB - CENTRO DE EDUCAÇÃO BÁSICA GOV FREITAS NETO-CETI GOV FREITAS NETO;RUA CAPITÃO WANDERLEY, S/N;PIÇARREIRA I;363
98;83;CEB - CENTRO DE EDUCAÇÃO BÁSICA GOV FREITAS NETO-CETI GOV FREITAS NETO;RUA CAPITÃO WANDERLEY, S/N;PIÇARREIRA I;365
98;84;CEB - CENTRO DE EDUCAÇÃO BÁSICA GOV FREITAS NETO-CETI GOV FREITAS NETO;RUA CAPITÃO WANDERLEY, S/N;PIÇARREIRA I;366
98;240;CEB - CENTRO DE EDUCAÇÃO BÁSICA GOV FREITAS NETO-CETI GOV FREITAS NETO;RUA CAPITÃO WANDERLEY, S/N;PIÇARREIRA I;374
98;274;CEB - CENTRO DE EDUCAÇÃO BÁSICA GOV FREITAS NETO-CETI GOV FREITAS NETO;RUA CAPITÃO WANDERLEY, S/N;PIÇARREIRA I;363
98;282;CEB - CENTRO DE EDUCAÇÃO BÁSICA GOV FREITAS NETO-CETI GOV FREITAS NETO;RUA CAPITÃO WANDERLEY, S/N;PIÇARREIRA I;363
98;308;CEB - CENTRO DE EDUCAÇÃO BÁSICA GOV FREITAS NETO-CETI GOV FREITAS NETO;RUA CAPITÃO WANDERLEY, S/N;PIÇARREIRA I;366
98;315;CEB - CENTRO DE EDUCAÇÃO BÁSICA GOV FREITAS NETO-CETI GOV FREITAS NETO;RUA CAPITÃO WANDERLEY, S/N;PIÇARREIRA I;366
98;369;CEB - CENTRO DE EDUCAÇÃO BÁSICA GOV FREITAS NETO-CETI GOV FREITAS NETO;RUA CAPITÃO WANDERLEY, S/N;PIÇARREIRA I;365
98;130;CETI MARIA MELO;RUA ALAÍDE MARQUES, S/N;PLANALTO ININGA;364
98;131;CETI MARIA MELO;RUA ALAÍDE MARQUES, S/N;PLANALTO ININGA;360
98;197;CETI MARIA MELO;RUA ALAÍDE MARQUES, S/N;PLANALTO ININGA;361
98;245;CETI MARIA MELO;RUA ALAÍDE MARQUES, S/N;PLANALTO ININGA;361
98;314;CETI MARIA MELO;RUA ALAÍDE MARQUES, S/N;PLANALTO ININGA;362
98;133;CETI PROFESSOR ANTONIO TARCÍSIO PEREIRA E SILVA;AV. MARIA ANTONIETA BURLAMARQUI, S/N;VALE QUEM TEM;350
98;134;CETI PROFESSOR ANTONIO TARCÍSIO PEREIRA E SILVA;AV. MARIA ANTONIETA BURLAMARQUI, S/N;VALE QUEM TEM;352
98;201;CETI PROFESSOR ANTONIO TARCÍSIO PEREIRA E SILVA;AV. MARIA ANTONIETA BURLAMARQUI, S/N;VALE QUEM TEM;351
98;219;CETI PROFESSOR ANTONIO TARCÍSIO PEREIRA E SILVA;AV. MARIA ANTONIETA BURLAMARQUI, S/N;VALE QUEM TEM;352
98;237;CETI PROFESSOR ANTONIO TARCÍSIO PEREIRA E SILVA;AV. MARIA ANTONIETA BURLAMARQUI, S/N;VALE QUEM TEM;350
98;253;CETI PROFESSOR ANTONIO TARCÍSIO PEREIRA E SILVA;AV. MARIA ANTONIETA BURLAMARQUI, S/N;VALE QUEM TEM;354
98;261;CETI PROFESSOR ANTONIO TARCÍSIO PEREIRA E SILVA;AV. MARIA ANTONIETA BURLAMARQUI, S/N;VALE QUEM TEM;352
98;270;CETI PROFESSOR ANTONIO TARCÍSIO PEREIRA E SILVA;AV. MARIA ANTONIETA BURLAMARQUI, S/N;VALE QUEM TEM;348
98;286;CETI PROFESSOR ANTONIO TARCÍSIO PEREIRA E SILVA;AV. MARIA ANTONIETA BURLAMARQUI, S/N;VALE QUEM TEM;348
98;291;CETI PROFESSOR ANTONIO TARCÍSIO PEREIRA E SILVA;AV. MARIA ANTONIETA BURLAMARQUI, S/N;VALE QUEM TEM;348
98;393;CETI PROFESSOR ANTONIO TARCÍSIO PEREIRA E SILVA;AV. MARIA ANTONIETA BURLAMARQUI, S/N;VALE QUEM TEM;352
98;234;CMEI RAIMUNDA MARTINS NUNES PORTELA;RUA ARACRUZ, S/N, VILA FIRMINO FILHO;PORTO DO CENTRO;372
98;297;CMEI RAIMUNDA MARTINS NUNES PORTELA;RUA ARACRUZ, S/N, VILA FIRMINO FILHO;PORTO DO CENTRO;364
98;429;CMEI RAIMUNDA MARTINS NUNES PORTELA;RUA ARACRUZ, S/N, VILA FIRMINO FILHO;PORTO DO CENTRO;44
98;209;COLEGIO CEV;AV VILMARY, 1057-1287;SÃO CRISTOVÃO;346
98;289;COLEGIO CEV;AV VILMARY, 1057-1287;SÃO CRISTOVÃO;337
98;383;COLEGIO CEV;AV VILMARY, 1057-1287;SÃO CRISTOVÃO;338
98;410;COLEGIO CEV;AV VILMARY, 1057-1287;SÃO CRISTOVÃO;335
98;419;COLEGIO CEV;AV VILMARY, 1057-1287;SÃO CRISTOVÃO;327
98;431;COLÉGIO CEV - VOTO EM TRANSITO;AV VILMARY, 1057-1287;MORADA DO SOL;0
98;432;COLÉGIO CEV - VOTO EM TRANSITO;AV VILMARY, 1057-1287;MORADA DO SOL;0
98;1;COLÉGIO MADRE SAVINA;AVENIDA JOQUÉI CLUBE, 1299;JÓQUEI;386
98;2;COLÉGIO MADRE SAVINA;AVENIDA JOQUÉI CLUBE, 1299;JÓQUEI;386
98;3;COLÉGIO MADRE SAVINA;AVENIDA JOQUÉI CLUBE, 1299;JÓQUEI;396
98;4;COLÉGIO MADRE SAVINA;AVENIDA JOQUÉI CLUBE, 1299;JÓQUEI;393
98;5;COLÉGIO MADRE SAVINA;AVENIDA JOQUÉI CLUBE, 1299;JÓQUEI;394
98;6;COLÉGIO MADRE SAVINA;AVENIDA JOQUÉI CLUBE, 1299;JÓQUEI;389
98;7;COLÉGIO MADRE SAVINA;AVENIDA JOQUÉI CLUBE, 1299;JÓQUEI;389
98;227;COLÉGIO MADRE SAVINA;AVENIDA JOQUÉI CLUBE, 1299;JÓQUEI;389
98;392;COLÉGIO MADRE SAVINA;AVENIDA JOQUÉI CLUBE, 1299;JÓQUEI;392
98;424;COLÉGIO MADRE SAVINA;AVENIDA JOQUÉI CLUBE, 1299;JÓQUEI;324
98;368;COLÉGIO SÃO JUDAS TADEU;R. ZEZITO BOAVISTA, 5936 - VALE QUEM TEM, TERESINA - PI;VALE QUEM TEM;356
98;374;COLÉGIO SÃO JUDAS TADEU;R. ZEZITO BOAVISTA, 5936 - VALE QUEM TEM, TERESINA - PI;VALE QUEM TEM;356
98;387;COLÉGIO SÃO JUDAS TADEU;R. ZEZITO BOAVISTA, 5936 - VALE QUEM TEM, TERESINA - PI;VALE QUEM TEM;358
98;427;COLÉGIO SÃO JUDAS TADEU;R. ZEZITO BOAVISTA, 5936 - VALE QUEM TEM, TERESINA - PI;VALE QUEM TEM;109
98;200;CRECHE TIA LÉA LEAL;RUA ROTARY CLUB, S/N;SATÉLITE;318
98;299;CRECHE TIA LÉA LEAL;RUA ROTARY CLUB, S/N;SATÉLITE;318
98;107;ESCOLA ESTADUAL DEPUTADO JOAQUIM GOMES CALADO;RUA SANTA TEREZINHA, S/N;SATÉLITE;373
98;108;ESCOLA ESTADUAL DEPUTADO JOAQUIM GOMES CALADO;RUA SANTA TEREZINHA, S/N;SATÉLITE;364
98;220;ESCOLA ESTADUAL DEPUTADO JOAQUIM GOMES CALADO;RUA SANTA TEREZINHA, S/N;SATÉLITE;361
98;265;ESCOLA ESTADUAL DEPUTADO JOAQUIM GOMES CALADO;RUA SANTA TEREZINHA, S/N;SATÉLITE;354
98;304;ESCOLA ESTADUAL DEPUTADO JOAQUIM GOMES CALADO;RUA SANTA TEREZINHA, S/N;SATÉLITE;335
98;401;ESCOLA ESTADUAL DEPUTADO JOAQUIM GOMES CALADO;RUA SANTA TEREZINHA, S/N;SATÉLITE;332
98;95;ESCOLA MUNICIPAL BAIXÃO DO CARLOS;EIXO SOCOPO, RODOVIA PI-112, KM 11;POVOADO BAIXÃO DO CARLOS;366
98;385;ESCOLA MUNICIPAL BAIXÃO DO CARLOS;EIXO SOCOPO, RODOVIA PI-112, KM 11;POVOADO BAIXÃO DO CARLOS;79
98;34;ESCOLA MUNICIPAL CACIMBA VELHA;POVOADO CACIMBA VELHA, S/N;POVOADO CACIMBA VELHA;374
98;35;ESCOLA MUNICIPAL CACIMBA VELHA;POVOADO CACIMBA VELHA, S/N;POVOADO CACIMBA VELHA;380
98;36;ESCOLA MUNICIPAL CACIMBA VELHA;POVOADO CACIMBA VELHA, S/N;POVOADO CACIMBA VELHA;376
98;37;ESCOLA MUNICIPAL CACIMBA VELHA;POVOADO CACIMBA VELHA, S/N;POVOADO CACIMBA VELHA;376
98;317;ESCOLA MUNICIPAL CACIMBA VELHA;POVOADO CACIMBA VELHA, S/N;POVOADO CACIMBA VELHA;373
98;423;ESCOLA MUNICIPAL CACIMBA VELHA;POVOADO CACIMBA VELHA, S/N;POVOADO CACIMBA VELHA;80
98;77;ESCOLA MUNICIPAL CLODOALDO FREITAS;AVENIDA JOSUÉ DE MOURA SANTOS, 1553;PEDRA MOLE;359
98;78;ESCOLA MUNICIPAL CLODOALDO FREITAS;AVENIDA JOSUÉ DE MOURA SANTOS, 1553;PEDRA MOLE;360
98;79;ESCOLA MUNICIPAL CLODOALDO FREITAS;AVENIDA JOSUÉ DE MOURA SANTOS, 1553;PEDRA MOLE;359
98;80;ESCOLA MUNICIPAL CLODOALDO FREITAS;AVENIDA JOSUÉ DE MOURA SANTOS, 1553;PEDRA MOLE;356
98;235;ESCOLA MUNICIPAL CLODOALDO FREITAS;AVENIDA JOSUÉ DE MOURA SANTOS, 1553;PEDRA MOLE;358
98;283;ESCOLA MUNICIPAL CLODOALDO FREITAS;AVENIDA JOSUÉ DE MOURA SANTOS, 1553;PEDRA MOLE;359
98;312;ESCOLA MUNICIPAL CLODOALDO FREITAS;AVENIDA JOSUÉ DE MOURA SANTOS, 1553;PEDRA MOLE;354
98;378;ESCOLA MUNICIPAL CLODOALDO FREITAS;AVENIDA JOSUÉ DE MOURA SANTOS, 1553;PEDRA MOLE;359
98;61;ESCOLA MUNICIPAL DELFINA BORRALHO BOA VISTA;RUA LAJEIRO, 8065, PEDRA MOLE;ANITA FERRAZ;343
98;62;ESCOLA MUNICIPAL DELFINA BORRALHO BOA VISTA;RUA LAJEIRO, 8065, PEDRA MOLE;ANITA FERRAZ;342
98;63;ESCOLA MUNICIPAL DELFINA BORRALHO BOA VISTA;RUA LAJEIRO, 8065, PEDRA MOLE;ANITA FERRAZ;357
98;64;ESCOLA MUNICIPAL DELFINA BORRALHO BOA VISTA;RUA LAJEIRO, 8065, PEDRA MOLE;ANITA FERRAZ;348
98;242;ESCOLA MUNICIPAL DELFINA BORRALHO BOA VISTA;RUA LAJEIRO, 8065, PEDRA MOLE;ANITA FERRAZ;343
98;307;ESCOLA MUNICIPAL DELFINA BORRALHO BOA VISTA;RUA LAJEIRO, 8065, PEDRA MOLE;ANITA FERRAZ;348
98;379;ESCOLA MUNICIPAL DELFINA BORRALHO BOA VISTA;RUA LAJEIRO, 8065, PEDRA MOLE;ANITA FERRAZ;346
98;430;ESCOLA MUNICIPAL DELFINA BORRALHO BOA VISTA;RUA LAJEIRO, 8065, PEDRA MOLE;ANITA FERRAZ;67
98;45;ESCOLA MUNICIPAL DEOCLÉCIO CARVALHO;LOCALIDADE COROATÁ;POVOADO COROATÁ;383
98;225;ESCOLA MUNICIPAL DEOCLÉCIO CARVALHO;LOCALIDADE COROATÁ;POVOADO COROATÁ;370
98;103;ESCOLA MUNICIPAL DEPUTADO FRANCÍLIO ALMEIDA;RUA DOM BOSCO, 4121;VILA BANDEIRANTE III;355
98;206;ESCOLA MUNICIPAL DEPUTADO FRANCÍLIO ALMEIDA;RUA DOM BOSCO, 4121;VILA BANDEIRANTE III;363
98;287;ESCOLA MUNICIPAL DEPUTADO FRANCÍLIO ALMEIDA;RUA DOM BOSCO, 4121;VILA BANDEIRANTE III;356
98;362;ESCOLA MUNICIPAL DEPUTADO FRANCÍLIO ALMEIDA;RUA DOM BOSCO, 4121;VILA BANDEIRANTE III;356
98;102;ESCOLA MUNICIPAL DO SOIM;POVOADO SOINHO, S/N;POVOADO SOINHO;353
98;205;ESCOLA MUNICIPAL DO SOIM;POVOADO SOINHO, S/N;POVOADO SOINHO;337
98;381;ESCOLA MUNICIPAL DO SOIM;POVOADO SOINHO, S/N;POVOADO SOINHO;201
98;122;ESCOLA MUNICIPAL ELIAS XIMENES DO PRADO JÚNIOR;AVENIDA JANGO, S/N;RESIDENCIAL NOVA THERESINA;347
98;123;ESCOLA MUNICIPAL ELIAS XIMENES DO PRADO JÚNIOR;AVENIDA JANGO, S/N;RESIDENCIAL NOVA THERESINA;344
98;233;ESCOLA MUNICIPAL ELIAS XIMENES DO PRADO JÚNIOR;AVENIDA JANGO, S/N;RESIDENCIAL NOVA THERESINA;336
98;262;ESCOLA MUNICIPAL ELIAS XIMENES DO PRADO JÚNIOR;AVENIDA JANGO, S/N;RESIDENCIAL NOVA THERESINA;320
98;281;ESCOLA MUNICIPAL ELIAS XIMENES DO PRADO JÚNIOR;AVENIDA JANGO, S/N;RESIDENCIAL NOVA THERESINA;326
98;316;ESCOLA MUNICIPAL ELIAS XIMENES DO PRADO JÚNIOR;AVENIDA JANGO, S/N;RESIDENCIAL NOVA THERESINA;318
98;382;ESCOLA MUNICIPAL ELIAS XIMENES DO PRADO JÚNIOR;AVENIDA JANGO, S/N;RESIDENCIAL NOVA THERESINA;320
98;152;ESCOLA MUNICIPAL FRANCISCO PRADO;RUA MERCÚRIO, 4166;SATÉLITE;352
98;153;ESCOLA MUNICIPAL FRANCISCO PRADO;RUA MERCÚRIO, 4166;SATÉLITE;351
98;154;ESCOLA MUNICIPAL FRANCISCO PRADO;RUA MERCÚRIO, 4166;SATÉLITE;351
98;155;ESCOLA MUNICIPAL FRANCISCO PRADO;RUA MERCÚRIO, 4166;SATÉLITE;352
98;156;ESCOLA MUNICIPAL FRANCISCO PRADO;RUA MERCÚRIO, 4166;SATÉLITE;353
98;157;ESCOLA MUNICIPAL FRANCISCO PRADO;RUA MERCÚRIO, 4166;SATÉLITE;351
98;158;ESCOLA MUNICIPAL FRANCISCO PRADO;RUA MERCÚRIO, 4166;SATÉLITE;354
98;159;ESCOLA MUNICIPAL FRANCISCO PRADO;RUA MERCÚRIO, 4166;SATÉLITE;353
98;160;ESCOLA MUNICIPAL FRANCISCO PRADO;RUA MERCÚRIO, 4166;SATÉLITE;353
98;161;ESCOLA MUNICIPAL FRANCISCO PRADO;RUA MERCÚRIO, 4166;SATÉLITE;353
98;210;ESCOLA MUNICIPAL ITAMAR BRITO;RUA ANA MARIA GONÇALVES E SILVA , 7461, PEDRA MOLE;CIDADE JARDIM;348
98;248;ESCOLA MUNICIPAL ITAMAR BRITO;RUA ANA MARIA GONÇALVES E SILVA , 7461, PEDRA MOLE;CIDADE JARDIM;367
98;277;ESCOLA MUNICIPAL ITAMAR BRITO;RUA ANA MARIA GONÇALVES E SILVA , 7461, PEDRA MOLE;CIDADE JARDIM;349
98;296;ESCOLA MUNICIPAL ITAMAR BRITO;RUA ANA MARIA GONÇALVES E SILVA , 7461, PEDRA MOLE;CIDADE JARDIM;349
98;336;ESCOLA MUNICIPAL ITAMAR BRITO;RUA ANA MARIA GONÇALVES E SILVA , 7461, PEDRA MOLE;CIDADE JARDIM;347
98;376;ESCOLA MUNICIPAL ITAMAR BRITO;RUA ANA MARIA GONÇALVES E SILVA , 7461, PEDRA MOLE;CIDADE JARDIM;348
98;414;ESCOLA MUNICIPAL ITAMAR BRITO;RUA ANA MARIA GONÇALVES E SILVA , 7461, PEDRA MOLE;CIDADE JARDIM;348
98;65;ESCOLA MUNICIPAL JOAQUIM MARINHO DE MACEDO;POVOADO SANTA LUZ, S/N;POVOADO SANTA LUZ;380
98;66;ESCOLA MUNICIPAL JOAQUIM MARINHO DE MACEDO;POVOADO SANTA LUZ, S/N;POVOADO SANTA LUZ;364
98;224;ESCOLA MUNICIPAL JOAQUIM MARINHO DE MACEDO;POVOADO SANTA LUZ, S/N;POVOADO SANTA LUZ;341
98;332;ESCOLA MUNICIPAL JOAQUIM MARINHO DE MACEDO;POVOADO SANTA LUZ, S/N;POVOADO SANTA LUZ;295
98;43;ESCOLA MUNICIPAL JOCA VIEIRA;RODOVIA PI - 113, S/N;POVOADO ESTACA ZERO;345
98;44;ESCOLA MUNICIPAL JOCA VIEIRA;RODOVIA PI - 113, S/N;POVOADO ESTACA ZERO;345
98;255;ESCOLA MUNICIPAL JOCA VIEIRA;RODOVIA PI - 113, S/N;POVOADO ESTACA ZERO;343
98;302;ESCOLA MUNICIPAL JOCA VIEIRA;RODOVIA PI - 113, S/N;POVOADO ESTACA ZERO;344
98;326;ESCOLA MUNICIPAL JORNALISTA DEOCLÉCIO DANTAS;RUA CONTORNO RODOVIÁRIO NORTE, 6349, RES. ZEQUINHA FREIRE;VALE DO GAVIÃO;391
98;339;ESCOLA MUNICIPAL JORNALISTA DEOCLÉCIO DANTAS;RUA CONTORNO RODOVIÁRIO NORTE, 6349, RES. ZEQUINHA FREIRE;VALE DO GAVIÃO;390
98;370;ESCOLA MUNICIPAL JORNALISTA DEOCLÉCIO DANTAS;RUA CONTORNO RODOVIÁRIO NORTE, 6349, RES. ZEQUINHA FREIRE;VALE DO GAVIÃO;395
98;396;ESCOLA MUNICIPAL JORNALISTA DEOCLÉCIO DANTAS;RUA CONTORNO RODOVIÁRIO NORTE, 6349, RES. ZEQUINHA FREIRE;VALE DO GAVIÃO;388
98;416;ESCOLA MUNICIPAL JORNALISTA DEOCLÉCIO DANTAS;RUA CONTORNO RODOVIÁRIO NORTE, 6349, RES. ZEQUINHA FREIRE;VALE DO GAVIÃO;399
98;420;ESCOLA MUNICIPAL JORNALISTA DEOCLÉCIO DANTAS;RUA CONTORNO RODOVIÁRIO NORTE, 6349, RES. ZEQUINHA FREIRE;VALE DO GAVIÃO;296
98;236;ESCOLA MUNICIPAL JOSE CAMILO DA SILVEIRA FILHO;RUA 25, S/N, ESPLANADA DO URUGUAI, LOT PLANALTO URUGUAI;VALE QUEM TEM;344
98;247;ESCOLA MUNICIPAL JOSE CAMILO DA SILVEIRA FILHO;RUA 25, S/N, ESPLANADA DO URUGUAI, LOT PLANALTO URUGUAI;VALE QUEM TEM;346
98;258;ESCOLA MUNICIPAL JOSE CAMILO DA SILVEIRA FILHO;RUA 25, S/N, ESPLANADA DO URUGUAI, LOT PLANALTO URUGUAI;VALE QUEM TEM;344
98;263;ESCOLA MUNICIPAL JOSE CAMILO DA SILVEIRA FILHO;RUA 25, S/N, ESPLANADA DO URUGUAI, LOT PLANALTO URUGUAI;VALE QUEM TEM;351
98;266;ESCOLA MUNICIPAL JOSE CAMILO DA SILVEIRA FILHO;RUA 25, S/N, ESPLANADA DO URUGUAI, LOT PLANALTO URUGUAI;VALE QUEM TEM;349
98;271;ESCOLA MUNICIPAL JOSE CAMILO DA SILVEIRA FILHO;RUA 25, S/N, ESPLANADA DO URUGUAI, LOT PLANALTO URUGUAI;VALE QUEM TEM;339
98;323;ESCOLA MUNICIPAL JOSE CAMILO DA SILVEIRA FILHO;RUA 25, S/N, ESPLANADA DO URUGUAI, LOT PLANALTO URUGUAI;VALE QUEM TEM;339
98;327;ESCOLA MUNICIPAL JOSE CAMILO DA SILVEIRA FILHO;RUA 25, S/N, ESPLANADA DO URUGUAI, LOT PLANALTO URUGUAI;VALE QUEM TEM;304
98;334;ESCOLA MUNICIPAL JOSE CAMILO DA SILVEIRA FILHO;RUA 25, S/N, ESPLANADA DO URUGUAI, LOT PLANALTO URUGUAI;VALE QUEM TEM;310
98;367;ESCOLA MUNICIPAL JOSE CAMILO DA SILVEIRA FILHO;RUA 25, S/N, ESPLANADA DO URUGUAI, LOT PLANALTO URUGUAI;VALE QUEM TEM;304
98;415;ESCOLA MUNICIPAL JOSE CAMILO DA SILVEIRA FILHO;RUA 25, S/N, ESPLANADA DO URUGUAI, LOT PLANALTO URUGUAI;VALE QUEM TEM;304
98;125;ESCOLA MUNICIPAL LINDAMIR LIMA;RUA TALMA IRAN LEAL, 3840;SATÉLITE;350
98;126;ESCOLA MUNICIPAL LINDAMIR LIMA;RUA TALMA IRAN LEAL, 3840;SATÉLITE;353
98;127;ESCOLA MUNICIPAL LINDAMIR LIMA;RUA TALMA IRAN LEAL, 3840;SATÉLITE;353
98;128;ESCOLA MUNICIPAL LINDAMIR LIMA;RUA TALMA IRAN LEAL, 3840;SATÉLITE;353
98;129;ESCOLA MUNICIPAL LINDAMIR LIMA;RUA TALMA IRAN LEAL, 3840;SATÉLITE;353
98;104;ESCOLA MUNICIPAL MINISTRO RUBEN LUDWIG;RUA PEDRA BRANCA, 7681, PEDRA MOLE;CIDADE JARDIM;367
98;105;ESCOLA MUNICIPAL MINISTRO RUBEN LUDWIG;RUA PEDRA BRANCA, 7681, PEDRA MOLE;CIDADE JARDIM;374
98;106;ESCOLA MUNICIPAL MINISTRO RUBEN LUDWIG;RUA PEDRA BRANCA, 7681, PEDRA MOLE;CIDADE JARDIM;371
98;198;ESCOLA MUNICIPAL MINISTRO RUBEN LUDWIG;RUA PEDRA BRANCA, 7681, PEDRA MOLE;CIDADE JARDIM;362
98;222;ESCOLA MUNICIPAL MINISTRO RUBEN LUDWIG;RUA PEDRA BRANCA, 7681, PEDRA MOLE;CIDADE JARDIM;365
98;272;ESCOLA MUNICIPAL MINISTRO RUBEN LUDWIG;RUA PEDRA BRANCA, 7681, PEDRA MOLE;CIDADE JARDIM;371
98;426;ESCOLA MUNICIPAL MINISTRO RUBEN LUDWIG;RUA PEDRA BRANCA, 7681, PEDRA MOLE;CIDADE JARDIM;62
98;174;ESCOLA MUNICIPAL NOÉ FORTES;AVENIDA  JUIZ JOÃO DE ALMEIDA, 2330;PLANALTO ININGA;355
98;175;ESCOLA MUNICIPAL NOÉ FORTES;AVENIDA  JUIZ JOÃO DE ALMEIDA, 2330;PLANALTO ININGA;355
98;176;ESCOLA MUNICIPAL NOÉ FORTES;AVENIDA  JUIZ JOÃO DE ALMEIDA, 2330;PLANALTO ININGA;355
98;177;ESCOLA MUNICIPAL NOÉ FORTES;AVENIDA  JUIZ JOÃO DE ALMEIDA, 2330;PLANALTO ININGA;352
98;178;ESCOLA MUNICIPAL NOÉ FORTES;AVENIDA  JUIZ JOÃO DE ALMEIDA, 2330;PLANALTO ININGA;356
98;179;ESCOLA MUNICIPAL NOÉ FORTES;AVENIDA  JUIZ JOÃO DE ALMEIDA, 2330;PLANALTO ININGA;353
98;180;ESCOLA MUNICIPAL NOÉ FORTES;AVENIDA  JUIZ JOÃO DE ALMEIDA, 2330;PLANALTO ININGA;354
98;181;ESCOLA MUNICIPAL NOÉ FORTES;AVENIDA  JUIZ JOÃO DE ALMEIDA, 2330;PLANALTO ININGA;352
98;182;ESCOLA MUNICIPAL NOÉ FORTES;AVENIDA  JUIZ JOÃO DE ALMEIDA, 2330;PLANALTO ININGA;353
98;238;ESCOLA MUNICIPAL NOSSA SENHORA DO AMPARO;RODOVIA 113-PI;POVOADO LAGOA DE DENTRO;349
98;49;ESCOLA MUNICIPAL OSCAR OLÍMPIO CAVALCANTE;RESIDENCIAL TAQUARI, RUA-5, 5602;TAQUARI;371
98;50;ESCOLA MUNICIPAL OSCAR OLÍMPIO CAVALCANTE;RESIDENCIAL TAQUARI, RUA-5, 5602;TAQUARI;368
98;51;ESCOLA MUNICIPAL OSCAR OLÍMPIO CAVALCANTE;RESIDENCIAL TAQUARI, RUA-5, 5602;TAQUARI;364
98;52;ESCOLA MUNICIPAL OSCAR OLÍMPIO CAVALCANTE;RESIDENCIAL TAQUARI, RUA-5, 5602;TAQUARI;370
98;228;ESCOLA MUNICIPAL OSCAR OLÍMPIO CAVALCANTE;RESIDENCIAL TAQUARI, RUA-5, 5602;TAQUARI;365
98;300;ESCOLA MUNICIPAL OSCAR OLÍMPIO CAVALCANTE;RESIDENCIAL TAQUARI, RUA-5, 5602;TAQUARI;347
98;331;ESCOLA MUNICIPAL OSCAR OLÍMPIO CAVALCANTE;RESIDENCIAL TAQUARI, RUA-5, 5602;TAQUARI;357
98;377;ESCOLA MUNICIPAL OSCAR OLÍMPIO CAVALCANTE;RESIDENCIAL TAQUARI, RUA-5, 5602;TAQUARI;357
98;422;ESCOLA MUNICIPAL OSCAR OLÍMPIO CAVALCANTE;RESIDENCIAL TAQUARI, RUA-5, 5602;TAQUARI;109
98;124;ESCOLA MUNICIPAL PADRE ÂNGELO IMPERIALLI;AVENIDA PRESIDENTE JÂNIO QUADROS,  1891, VILA AMAZONIA, STA LIA;SANTA LIA;374
98;196;ESCOLA MUNICIPAL PADRE ÂNGELO IMPERIALLI;AVENIDA PRESIDENTE JÂNIO QUADROS,  1891, VILA AMAZONIA, STA LIA;SANTA LIA;369
98;221;ESCOLA MUNICIPAL PADRE ÂNGELO IMPERIALLI;AVENIDA PRESIDENTE JÂNIO QUADROS,  1891, VILA AMAZONIA, STA LIA;SANTA LIA;368
98;249;ESCOLA MUNICIPAL PADRE ÂNGELO IMPERIALLI;AVENIDA PRESIDENTE JÂNIO QUADROS,  1891, VILA AMAZONIA, STA LIA;SANTA LIA;369
98;279;ESCOLA MUNICIPAL PADRE ÂNGELO IMPERIALLI;AVENIDA PRESIDENTE JÂNIO QUADROS,  1891, VILA AMAZONIA, STA LIA;SANTA LIA;366
98;310;ESCOLA MUNICIPAL PADRE ÂNGELO IMPERIALLI;AVENIDA PRESIDENTE JÂNIO QUADROS,  1891, VILA AMAZONIA, STA LIA;SANTA LIA;367
98;380;ESCOLA MUNICIPAL PADRE ÂNGELO IMPERIALLI;AVENIDA PRESIDENTE JÂNIO QUADROS,  1891, VILA AMAZONIA, STA LIA;SANTA LIA;369
98;212;ESCOLA MUNICIPAL PLANALTO ININGA;RUA 31 DE MARÇO,2381;PLANALTO ININGA;345
98;269;ESCOLA MUNICIPAL PLANALTO ININGA;RUA 31 DE MARÇO,2381;PLANALTO ININGA;336
98;402;ESCOLA MUNICIPAL PLANALTO ININGA;RUA 31 DE MARÇO,2381;PLANALTO ININGA;156
98;96;ESCOLA MUNICIPAL PROFESSOR MANOEL PAULO NUNES;AVENIDA ZEQUINHA FREIRE, 4415;VILA MARIA I;368
98;97;ESCOLA MUNICIPAL PROFESSOR MANOEL PAULO NUNES;AVENIDA ZEQUINHA FREIRE, 4415;VILA MARIA I;369
98;98;ESCOLA MUNICIPAL PROFESSOR MANOEL PAULO NUNES;AVENIDA ZEQUINHA FREIRE, 4415;VILA MARIA I;368
98;99;ESCOLA MUNICIPAL PROFESSOR MANOEL PAULO NUNES;AVENIDA ZEQUINHA FREIRE, 4415;VILA MARIA I;368
98;100;ESCOLA MUNICIPAL PROFESSOR MANOEL PAULO NUNES;AVENIDA ZEQUINHA FREIRE, 4415;VILA MARIA I;367
98;101;ESCOLA MUNICIPAL PROFESSOR MANOEL PAULO NUNES;AVENIDA ZEQUINHA FREIRE, 4415;VILA MARIA I;369
98;199;ESCOLA MUNICIPAL PROFESSOR MANOEL PAULO NUNES;AVENIDA ZEQUINHA FREIRE, 4415;VILA MARIA I;366
98;216;ESCOLA MUNICIPAL PROFESSOR MANOEL PAULO NUNES;AVENIDA ZEQUINHA FREIRE, 4415;VILA MARIA I;365
98;230;ESCOLA MUNICIPAL PROFESSOR MANOEL PAULO NUNES;AVENIDA ZEQUINHA FREIRE, 4415;VILA MARIA I;363
98;252;ESCOLA MUNICIPAL PROFESSOR MANOEL PAULO NUNES;AVENIDA ZEQUINHA FREIRE, 4415;VILA MARIA I;367
98;267;ESCOLA MUNICIPAL PROFESSOR MANOEL PAULO NUNES;AVENIDA ZEQUINHA FREIRE, 4415;VILA MARIA I;368
98;285;ESCOLA MUNICIPAL PROFESSOR MANOEL PAULO NUNES;AVENIDA ZEQUINHA FREIRE, 4415;VILA MARIA I;367
98;295;ESCOLA MUNICIPAL PROFESSOR MANOEL PAULO NUNES;AVENIDA ZEQUINHA FREIRE, 4415;VILA MARIA I;365
98;303;ESCOLA MUNICIPAL PROFESSOR MARCÍLIO FLÁVIO RANGEL DE FARIAS;RUA SANTO ADRIANO, 2296, VILA SANTA BÁRBARA;VERDE LAR;349
98;318;ESCOLA MUNICIPAL PROFESSOR MARCÍLIO FLÁVIO RANGEL DE FARIAS;RUA SANTO ADRIANO, 2296, VILA SANTA BÁRBARA;VERDE LAR;351
98;329;ESCOLA MUNICIPAL PROFESSOR MARCÍLIO FLÁVIO RANGEL DE FARIAS;RUA SANTO ADRIANO, 2296, VILA SANTA BÁRBARA;VERDE LAR;354
98;335;ESCOLA MUNICIPAL PROFESSOR MARCÍLIO FLÁVIO RANGEL DE FARIAS;RUA SANTO ADRIANO, 2296, VILA SANTA BÁRBARA;VERDE LAR;349
98;371;ESCOLA MUNICIPAL PROFESSOR MARCÍLIO FLÁVIO RANGEL DE FARIAS;RUA SANTO ADRIANO, 2296, VILA SANTA BÁRBARA;VERDE LAR;351
98;412;ESCOLA MUNICIPAL PROFESSOR MARCÍLIO FLÁVIO RANGEL DE FARIAS;RUA SANTO ADRIANO, 2296, VILA SANTA BÁRBARA;VERDE LAR;351
98;69;ESCOLA MUNICIPAL PROFESSOR VÁLTER ALENCAR;RUA FARMACÊUTICO RAUL BACELLAR, 3581, QD A, VALE QUEM TEM;PLANALTO URUGUAI;371
98;70;ESCOLA MUNICIPAL PROFESSOR VÁLTER ALENCAR;RUA FARMACÊUTICO RAUL BACELLAR, 3581, QD A, VALE QUEM TEM;PLANALTO URUGUAI;375
98;71;ESCOLA MUNICIPAL PROFESSOR VÁLTER ALENCAR;RUA FARMACÊUTICO RAUL BACELLAR, 3581, QD A, VALE QUEM TEM;PLANALTO URUGUAI;378
98;72;ESCOLA MUNICIPAL PROFESSOR VÁLTER ALENCAR;RUA FARMACÊUTICO RAUL BACELLAR, 3581, QD A, VALE QUEM TEM;PLANALTO URUGUAI;363
98;73;ESCOLA MUNICIPAL PROFESSOR VÁLTER ALENCAR;RUA FARMACÊUTICO RAUL BACELLAR, 3581, QD A, VALE QUEM TEM;PLANALTO URUGUAI;379
98;74;ESCOLA MUNICIPAL PROFESSOR VÁLTER ALENCAR;RUA FARMACÊUTICO RAUL BACELLAR, 3581, QD A, VALE QUEM TEM;PLANALTO URUGUAI;365
98;75;ESCOLA MUNICIPAL PROFESSOR VÁLTER ALENCAR;RUA FARMACÊUTICO RAUL BACELLAR, 3581, QD A, VALE QUEM TEM;PLANALTO URUGUAI;372
98;132;ESCOLA MUNICIPAL PROFESSORA ALDA NEIVA;RUA SANTA FILOMENA, 8480, VILA DO AVIÃO;PEDRA MOLE;338
98;195;ESCOLA MUNICIPAL PROFESSORA ALDA NEIVA;RUA SANTA FILOMENA, 8480, VILA DO AVIÃO;PEDRA MOLE;361
98;243;ESCOLA MUNICIPAL PROFESSORA ALDA NEIVA;RUA SANTA FILOMENA, 8480, VILA DO AVIÃO;PEDRA MOLE;348
98;288;ESCOLA MUNICIPAL PROFESSORA ALDA NEIVA;RUA SANTA FILOMENA, 8480, VILA DO AVIÃO;PEDRA MOLE;341
98;311;ESCOLA MUNICIPAL PROFESSORA ALDA NEIVA;RUA SANTA FILOMENA, 8480, VILA DO AVIÃO;PEDRA MOLE;306
98;411;ESCOLA MUNICIPAL PROFESSORA ALDA NEIVA;RUA SANTA FILOMENA, 8480, VILA DO AVIÃO;PEDRA MOLE;306
98;109;ESCOLA MUNICIPAL PROFESSORA TERESA NORONHA;AVENIDA JOÃO ANTONIO LEITÃO, 4411;PIÇARREIRA I;359
98;110;ESCOLA MUNICIPAL PROFESSORA TERESA NORONHA;AVENIDA JOÃO ANTONIO LEITÃO, 4411;PIÇARREIRA I;357
98;111;ESCOLA MUNICIPAL PROFESSORA TERESA NORONHA;AVENIDA JOÃO ANTONIO LEITÃO, 4411;PIÇARREIRA I;373
98;112;ESCOLA MUNICIPAL PROFESSORA TERESA NORONHA;AVENIDA JOÃO ANTONIO LEITÃO, 4411;PIÇARREIRA I;358
98;113;ESCOLA MUNICIPAL PROFESSORA TERESA NORONHA;AVENIDA JOÃO ANTONIO LEITÃO, 4411;PIÇARREIRA I;356
98;114;ESCOLA MUNICIPAL PROFESSORA TERESA NORONHA;AVENIDA JOÃO ANTONIO LEITÃO, 4411;PIÇARREIRA I;364
98;218;ESCOLA MUNICIPAL PROFESSORA TERESA NORONHA;AVENIDA JOÃO ANTONIO LEITÃO, 4411;PIÇARREIRA I;355
98;322;ESCOLA MUNICIPAL PROFESSORA TERESA NORONHA;AVENIDA JOÃO ANTONIO LEITÃO, 4411;PIÇARREIRA I;357
98;375;ESCOLA MUNICIPAL PROFESSORA TERESA NORONHA;AVENIDA JOÃO ANTONIO LEITÃO, 4411;PIÇARREIRA I;357
98;47;ESCOLA MUNICIPAL RAIMUNDO ADÃO;POVOADO FAZENDA NOVA NORTE, S/N;POVOADO FAZENDA NOVA LESTE TE-335;324
98;202;ESCOLA MUNICIPAL RAIMUNDO ADÃO;POVOADO FAZENDA NOVA NORTE, S/N;POVOADO FAZENDA NOVA LESTE TE-335;320
98;38;ESCOLA MUNICIPAL SANTA TERESA;POVOADO SANTA TERESA, S/N;POVOADO SANTA TERESA;367
98;39;ESCOLA MUNICIPAL SANTA TERESA;POVOADO SANTA TERESA, S/N;POVOADO SANTA TERESA;365
98;40;ESCOLA MUNICIPAL SANTA TERESA;POVOADO SANTA TERESA, S/N;POVOADO SANTA TERESA;365
98;41;ESCOLA MUNICIPAL SANTA TERESA;POVOADO SANTA TERESA, S/N;POVOADO SANTA TERESA;368
98;42;ESCOLA MUNICIPAL SANTA TERESA;POVOADO SANTA TERESA, S/N;POVOADO SANTA TERESA;365
98;226;ESCOLA MUNICIPAL SANTA TERESA;POVOADO SANTA TERESA, S/N;POVOADO SANTA TERESA;365
98;305;ESCOLA MUNICIPAL SANTA TERESA;POVOADO SANTA TERESA, S/N;POVOADO SANTA TERESA;366
98;386;ESCOLA MUNICIPAL SANTA TERESA;POVOADO SANTA TERESA, S/N;POVOADO SANTA TERESA;365
98;48;ESCOLA MUNICIPAL TAPUIA;POVOADO TAPUIA, S/N;POVOADO TAPUIA;379
98;207;ESCOLA MUNICIPAL TAPUIA;POVOADO TAPUIA, S/N;POVOADO TAPUIA;362
98;421;ESCOLA MUNICIPAL TAPUIA;POVOADO TAPUIA, S/N;POVOADO TAPUIA;26
98;76;ESCOLA MUNICIPAL THEODORO MACHADO COELHO;POVOADO TABOCAS, S/N;POVOADO TABOCAS;319
98;246;ESCOLA MUNICIPAL THEODORO MACHADO COELHO;POVOADO TABOCAS, S/N;POVOADO TABOCAS;292
98;389;ESCOLA MUNICIPAL THEODORO MACHADO COELHO;POVOADO TABOCAS, S/N;POVOADO TABOCAS;192
98;93;ESCOLA MUNICIPAL TIO BENTES;AVENIDA AVIADOR ROSSINE MORADA LUNA, 3452;MORROS;368
98;94;ESCOLA MUNICIPAL TIO BENTES;AVENIDA AVIADOR ROSSINE MORADA LUNA, 3452;MORROS;378
98;278;ESCOLA MUNICIPAL TIO BENTES;AVENIDA AVIADOR ROSSINE MORADA LUNA, 3452;MORROS;369
98;333;ESCOLA MUNICIPAL TIO BENTES;AVENIDA AVIADOR ROSSINE MORADA LUNA, 3452;MORROS;330
98;413;ESCOLA MUNICIPAL TIO BENTES;AVENIDA AVIADOR ROSSINE MORADA LUNA, 3452;MORROS;328
98;162;ESCOLA MUNICIPAL VEREADOR JOSÉ OMMATI;RUA CAPITÃO  WANDERLEY, 1881;PIÇARREIRA I;309
98;163;ESCOLA MUNICIPAL VEREADOR JOSÉ OMMATI;RUA CAPITÃO  WANDERLEY, 1881;PIÇARREIRA I;309
98;164;ESCOLA MUNICIPAL VEREADOR JOSÉ OMMATI;RUA CAPITÃO  WANDERLEY, 1881;PIÇARREIRA I;307
98;165;ESCOLA MUNICIPAL VEREADOR JOSÉ OMMATI;RUA CAPITÃO  WANDERLEY, 1881;PIÇARREIRA I;310
98;166;ESCOLA MUNICIPAL VEREADOR JOSÉ OMMATI;RUA CAPITÃO  WANDERLEY, 1881;PIÇARREIRA I;309
98;167;ESCOLA MUNICIPAL VEREADOR JOSÉ OMMATI;RUA CAPITÃO  WANDERLEY, 1881;PIÇARREIRA I;310
98;168;ESCOLA MUNICIPAL VEREADOR JOSÉ OMMATI;RUA CAPITÃO  WANDERLEY, 1881;PIÇARREIRA I;307
98;169;ESCOLA MUNICIPAL VEREADOR JOSÉ OMMATI;RUA CAPITÃO  WANDERLEY, 1881;PIÇARREIRA I;303
98;170;ESCOLA MUNICIPAL VEREADOR JOSÉ OMMATI;RUA CAPITÃO  WANDERLEY, 1881;PIÇARREIRA I;308
98;171;ESCOLA MUNICIPAL VEREADOR JOSÉ OMMATI;RUA CAPITÃO  WANDERLEY, 1881;PIÇARREIRA I;308
98;172;ESCOLA MUNICIPAL VEREADOR JOSÉ OMMATI;RUA CAPITÃO  WANDERLEY, 1881;PIÇARREIRA I;309
98;46;ESCOLA MUNICIPAL VIEIRA TOURANGA;POVOADO SANTA RITA, S/N;POVOADO SANTA RITA;360
98;301;ESCOLA MUNICIPAL VIEIRA TOURANGA;POVOADO SANTA RITA, S/N;POVOADO SANTA RITA;198
98;213;ESCOLA POPULAR MADRE MARIA VILLAC;RUA SANTA TERESINHA, 4481;SATÉLITE;322
98;406;ESCOLA POPULAR MADRE MARIA VILLAC;RUA SANTA TERESINHA, 4481;SATÉLITE;49
98;408;ESCOLA POPULAR MADRE MARIA VILLAC;RUA SANTA TERESINHA, 4481;SATÉLITE;50
98;22;ESCOLA SANTO AFONSO RODRIGUEZ;RODOVIA PI-112, KM 09, 9000 SOCOPO(ESTRADA DE UNIÃO);SOCOPO;327
98;23;ESCOLA SANTO AFONSO RODRIGUEZ;RODOVIA PI-112, KM 09, 9000 SOCOPO(ESTRADA DE UNIÃO);SOCOPO;327
98;24;ESCOLA SANTO AFONSO RODRIGUEZ;RODOVIA PI-112, KM 09, 9000 SOCOPO(ESTRADA DE UNIÃO);SOCOPO;326
98;25;ESCOLA SANTO AFONSO RODRIGUEZ;RODOVIA PI-112, KM 09, 9000 SOCOPO(ESTRADA DE UNIÃO);SOCOPO;328
98;26;ESCOLA SANTO AFONSO RODRIGUEZ;RODOVIA PI-112, KM 09, 9000 SOCOPO(ESTRADA DE UNIÃO);SOCOPO;326
98;27;ESCOLA SANTO AFONSO RODRIGUEZ;RODOVIA PI-112, KM 09, 9000 SOCOPO(ESTRADA DE UNIÃO);SOCOPO;328
98;28;ESCOLA SANTO AFONSO RODRIGUEZ;RODOVIA PI-112, KM 09, 9000 SOCOPO(ESTRADA DE UNIÃO);SOCOPO;326
98;29;ESCOLA SANTO AFONSO RODRIGUEZ;RODOVIA PI-112, KM 09, 9000 SOCOPO(ESTRADA DE UNIÃO);SOCOPO;327
98;30;ESCOLA SANTO AFONSO RODRIGUEZ;RODOVIA PI-112, KM 09, 9000 SOCOPO(ESTRADA DE UNIÃO);SOCOPO;325
98;31;ESCOLA SANTO AFONSO RODRIGUEZ;RODOVIA PI-112, KM 09, 9000 SOCOPO(ESTRADA DE UNIÃO);SOCOPO;325
98;32;ESCOLA SANTO AFONSO RODRIGUEZ;RODOVIA PI-112, KM 09, 9000 SOCOPO(ESTRADA DE UNIÃO);SOCOPO;327
98;33;ESCOLA SANTO AFONSO RODRIGUEZ;RODOVIA PI-112, KM 09, 9000 SOCOPO(ESTRADA DE UNIÃO);SOCOPO;325
98;9;ESCOLA TÉC EST GOV DIRCEU MENDES ARCOVERDE-CEPTI GOV DIRCEU MENDES ARC;RUA VALDEMAR MARTINS, SN;MORADA DO SOL;368
98;10;ESCOLA TÉC EST GOV DIRCEU MENDES ARCOVERDE-CEPTI GOV DIRCEU MENDES ARC;RUA VALDEMAR MARTINS, SN;MORADA DO SOL;361
98;11;ESCOLA TÉC EST GOV DIRCEU MENDES ARCOVERDE-CEPTI GOV DIRCEU MENDES ARC;RUA VALDEMAR MARTINS, SN;MORADA DO SOL;360
98;12;ESCOLA TÉC EST GOV DIRCEU MENDES ARCOVERDE-CEPTI GOV DIRCEU MENDES ARC;RUA VALDEMAR MARTINS, SN;MORADA DO SOL;360
98;13;ESCOLA TÉC EST GOV DIRCEU MENDES ARCOVERDE-CEPTI GOV DIRCEU MENDES ARC;RUA VALDEMAR MARTINS, SN;MORADA DO SOL;371
98;14;ESCOLA TÉC EST GOV DIRCEU MENDES ARCOVERDE-CEPTI GOV DIRCEU MENDES ARC;RUA VALDEMAR MARTINS, SN;MORADA DO SOL;365
98;15;ESCOLA TÉC EST GOV DIRCEU MENDES ARCOVERDE-CEPTI GOV DIRCEU MENDES ARC;RUA VALDEMAR MARTINS, SN;MORADA DO SOL;367
98;16;ESCOLA TÉC EST GOV DIRCEU MENDES ARCOVERDE-CEPTI GOV DIRCEU MENDES ARC;RUA VALDEMAR MARTINS, SN;MORADA DO SOL;365
98;17;ESCOLA TÉC EST GOV DIRCEU MENDES ARCOVERDE-CEPTI GOV DIRCEU MENDES ARC;RUA VALDEMAR MARTINS, SN;MORADA DO SOL;357
98;257;ESCOLA TÉC EST GOV DIRCEU MENDES ARCOVERDE-CEPTI GOV DIRCEU MENDES ARC;RUA VALDEMAR MARTINS, SN;MORADA DO SOL;362
98;284;ESCOLA TÉC EST GOV DIRCEU MENDES ARCOVERDE-CEPTI GOV DIRCEU MENDES ARC;RUA VALDEMAR MARTINS, SN;MORADA DO SOL;362
98;319;ESCOLA TÉC EST GOV DIRCEU MENDES ARCOVERDE-CEPTI GOV DIRCEU MENDES ARC;RUA VALDEMAR MARTINS, SN;MORADA DO SOL;359
98;338;ESCOLA TÉC EST GOV DIRCEU MENDES ARCOVERDE-CEPTI GOV DIRCEU MENDES ARC;RUA VALDEMAR MARTINS, SN;MORADA DO SOL;356
98;366;ESCOLA TÉC EST GOV DIRCEU MENDES ARCOVERDE-CEPTI GOV DIRCEU MENDES ARC;RUA VALDEMAR MARTINS, SN;MORADA DO SOL;360
98;251;FACULDADE MAURÍCIO DE NASSAU;AV. JÓQUEI CLUBE, 710;JÓQUEI;407
98;260;FACULDADE MAURÍCIO DE NASSAU;AV. JÓQUEI CLUBE, 710;JÓQUEI;393
98;273;FACULDADE MAURÍCIO DE NASSAU;AV. JÓQUEI CLUBE, 710;JÓQUEI;391
98;324;FACULDADE MAURÍCIO DE NASSAU;AV. JÓQUEI CLUBE, 710;JÓQUEI;382
98;337;FACULDADE MAURÍCIO DE NASSAU;AV. JÓQUEI CLUBE, 710;JÓQUEI;382
98;372;FACULDADE MAURÍCIO DE NASSAU;AV. JÓQUEI CLUBE, 710;JÓQUEI;380
98;388;FACULDADE MAURÍCIO DE NASSAU;AV. JÓQUEI CLUBE, 710;JÓQUEI;381
98;425;FACULDADE MAURÍCIO DE NASSAU;AV. JÓQUEI CLUBE, 710;JÓQUEI;93
98;135;FACULDADE SANTO AGOSTINHO;AV. JÓQUEI CLUBE, 1323;JÓQUEI;307
98;136;FACULDADE SANTO AGOSTINHO;AV. JÓQUEI CLUBE, 1323;JÓQUEI;315
98;137;FACULDADE SANTO AGOSTINHO;AV. JÓQUEI CLUBE, 1323;JÓQUEI;320
98;183;FACULDADE SANTO AGOSTINHO;AV. JÓQUEI CLUBE, 1323;JÓQUEI;232
98;184;FACULDADE SANTO AGOSTINHO;AV. JÓQUEI CLUBE, 1323;JÓQUEI;232
98;185;FACULDADE SANTO AGOSTINHO;AV. JÓQUEI CLUBE, 1323;JÓQUEI;230
98;395;FACULDADE SANTO AGOSTINHO;AV. JÓQUEI CLUBE, 1323;JÓQUEI;184
98;409;FACULDADE SANTO AGOSTINHO;AV. JÓQUEI CLUBE, 1323;JÓQUEI;184
98;211;INSTITUTO DOM BARRETO;RUA SENADOR CÂNDIDO FERRAZ, 2090;SÃO CRISTOVÃO;367
98;229;INSTITUTO DOM BARRETO;RUA SENADOR CÂNDIDO FERRAZ, 2090;SÃO CRISTOVÃO;361
98;254;INSTITUTO DOM BARRETO;RUA SENADOR CÂNDIDO FERRAZ, 2090;SÃO CRISTOVÃO;382
98;293;INSTITUTO DOM BARRETO;RUA SENADOR CÂNDIDO FERRAZ, 2090;SÃO CRISTOVÃO;362
98;309;INSTITUTO DOM BARRETO;RUA SENADOR CÂNDIDO FERRAZ, 2090;SÃO CRISTOVÃO;352
98;341;INSTITUTO DOM BARRETO;RUA SENADOR CÂNDIDO FERRAZ, 2090;SÃO CRISTOVÃO;350
98;373;INSTITUTO DOM BARRETO;RUA SENADOR CÂNDIDO FERRAZ, 2090;SÃO CRISTOVÃO;352
98;85;UNIDADE ESCOLAR CALUZINHA FREIRE;RUA PLUTÃO, S/N;SATÉLITE;352
98;86;UNIDADE ESCOLAR CALUZINHA FREIRE;RUA PLUTÃO, S/N;SATÉLITE;350
98;87;UNIDADE ESCOLAR CALUZINHA FREIRE;RUA PLUTÃO, S/N;SATÉLITE;351
98;88;UNIDADE ESCOLAR CALUZINHA FREIRE;RUA PLUTÃO, S/N;SATÉLITE;353
98;89;UNIDADE ESCOLAR CALUZINHA FREIRE;RUA PLUTÃO, S/N;SATÉLITE;349
98;90;UNIDADE ESCOLAR CALUZINHA FREIRE;RUA PLUTÃO, S/N;SATÉLITE;353
98;91;UNIDADE ESCOLAR CALUZINHA FREIRE;RUA PLUTÃO, S/N;SATÉLITE;355
98;92;UNIDADE ESCOLAR CALUZINHA FREIRE;RUA PLUTÃO, S/N;SATÉLITE;353
98;306;UNIDADE ESCOLAR CALUZINHA FREIRE;RUA PLUTÃO, S/N;SATÉLITE;352
98;140;UNIDADE ESCOLAR DARCY ARAÚJO-CETI PROFESSOR DARCY ARAUJO;AVENIDA NOSSA SENHORA DE FÁTIMA ESQUINA COM DOM SEVERINO, S/N;FÁTIMA;366
98;141;UNIDADE ESCOLAR DARCY ARAÚJO-CETI PROFESSOR DARCY ARAUJO;AVENIDA NOSSA SENHORA DE FÁTIMA ESQUINA COM DOM SEVERINO, S/N;FÁTIMA;363
98;142;UNIDADE ESCOLAR DARCY ARAÚJO-CETI PROFESSOR DARCY ARAUJO;AVENIDA NOSSA SENHORA DE FÁTIMA ESQUINA COM DOM SEVERINO, S/N;FÁTIMA;363
98;143;UNIDADE ESCOLAR DARCY ARAÚJO-CETI PROFESSOR DARCY ARAUJO;AVENIDA NOSSA SENHORA DE FÁTIMA ESQUINA COM DOM SEVERINO, S/N;FÁTIMA;357
98;144;UNIDADE ESCOLAR DARCY ARAÚJO-CETI PROFESSOR DARCY ARAUJO;AVENIDA NOSSA SENHORA DE FÁTIMA ESQUINA COM DOM SEVERINO, S/N;FÁTIMA;355
98;145;UNIDADE ESCOLAR DARCY ARAÚJO-CETI PROFESSOR DARCY ARAUJO;AVENIDA NOSSA SENHORA DE FÁTIMA ESQUINA COM DOM SEVERINO, S/N;FÁTIMA;366
98;146;UNIDADE ESCOLAR DARCY ARAÚJO-CETI PROFESSOR DARCY ARAUJO;AVENIDA NOSSA SENHORA DE FÁTIMA ESQUINA COM DOM SEVERINO, S/N;FÁTIMA;356
98;147;UNIDADE ESCOLAR DARCY ARAÚJO-CETI PROFESSOR DARCY ARAUJO;AVENIDA NOSSA SENHORA DE FÁTIMA ESQUINA COM DOM SEVERINO, S/N;FÁTIMA;362
98;148;UNIDADE ESCOLAR DARCY ARAÚJO-CETI PROFESSOR DARCY ARAUJO;AVENIDA NOSSA SENHORA DE FÁTIMA ESQUINA COM DOM SEVERINO, S/N;FÁTIMA;372
98;149;UNIDADE ESCOLAR DARCY ARAÚJO-CETI PROFESSOR DARCY ARAUJO;AVENIDA NOSSA SENHORA DE FÁTIMA ESQUINA COM DOM SEVERINO, S/N;FÁTIMA;361
98;150;UNIDADE ESCOLAR DARCY ARAÚJO-CETI PROFESSOR DARCY ARAUJO;AVENIDA NOSSA SENHORA DE FÁTIMA ESQUINA COM DOM SEVERINO, S/N;FÁTIMA;370
98;151;UNIDADE ESCOLAR DARCY ARAÚJO-CETI PROFESSOR DARCY ARAUJO;AVENIDA NOSSA SENHORA DE FÁTIMA ESQUINA COM DOM SEVERINO, S/N;FÁTIMA;365
98;294;UNIDADE ESCOLAR DARCY ARAÚJO-CETI PROFESSOR DARCY ARAUJO;AVENIDA NOSSA SENHORA DE FÁTIMA ESQUINA COM DOM SEVERINO, S/N;FÁTIMA;351
98;138;UNIDADE ESCOLAR MARIA DE LOURDES REBELO;RUA ANGÉLICA COM AVENIDA DOM SEVERINO, S/N;FÁTIMA;328
98;139;UNIDADE ESCOLAR MARIA DE LOURDES REBELO;RUA ANGÉLICA COM AVENIDA DOM SEVERINO, S/N;FÁTIMA;320
98;186;UNIDADE ESCOLAR MARIA DE LOURDES REBELO;RUA ANGÉLICA COM AVENIDA DOM SEVERINO, S/N;FÁTIMA;232
98;187;UNIDADE ESCOLAR MARIA DE LOURDES REBELO;RUA ANGÉLICA COM AVENIDA DOM SEVERINO, S/N;FÁTIMA;231
98;188;UNIDADE ESCOLAR MARIA DE LOURDES REBELO;RUA ANGÉLICA COM AVENIDA DOM SEVERINO, S/N;FÁTIMA;232
98;189;UNIDADE ESCOLAR MARIA DE LOURDES REBELO;RUA ANGÉLICA COM AVENIDA DOM SEVERINO, S/N;FÁTIMA;232
98;190;UNIDADE ESCOLAR MARIA DE LOURDES REBELO;RUA ANGÉLICA COM AVENIDA DOM SEVERINO, S/N;FÁTIMA;232
98;191;UNIDADE ESCOLAR MARIA DE LOURDES REBELO;RUA ANGÉLICA COM AVENIDA DOM SEVERINO, S/N;FÁTIMA;231
98;192;UNIDADE ESCOLAR MARIA DE LOURDES REBELO;RUA ANGÉLICA COM AVENIDA DOM SEVERINO, S/N;FÁTIMA;232
98;193;UNIDADE ESCOLAR MARIA DE LOURDES REBELO;RUA ANGÉLICA COM AVENIDA DOM SEVERINO, S/N;FÁTIMA;232
98;194;UNIDADE ESCOLAR MARIA DE LOURDES REBELO;RUA ANGÉLICA COM AVENIDA DOM SEVERINO, S/N;FÁTIMA;229
98;328;UNIDADE ESCOLAR MARIA DE LOURDES REBELO;RUA ANGÉLICA COM AVENIDA DOM SEVERINO, S/N;FÁTIMA;301
98;215;UNIDADE ESCOLAR MONSENHOR RAIMUNDO NONATO MELO;RUA JOÃO BORGES DE SOUSA, 277;MORADA DO SOL;364
98;231;UNIDADE ESCOLAR MONSENHOR RAIMUNDO NONATO MELO;RUA JOÃO BORGES DE SOUSA, 277;MORADA DO SOL;365
98;250;UNIDADE ESCOLAR MONSENHOR RAIMUNDO NONATO MELO;RUA JOÃO BORGES DE SOUSA, 277;MORADA DO SOL;373
98;264;UNIDADE ESCOLAR MONSENHOR RAIMUNDO NONATO MELO;RUA JOÃO BORGES DE SOUSA, 277;MORADA DO SOL;364
98;276;UNIDADE ESCOLAR MONSENHOR RAIMUNDO NONATO MELO;RUA JOÃO BORGES DE SOUSA, 277;MORADA DO SOL;364
98;292;UNIDADE ESCOLAR MONSENHOR RAIMUNDO NONATO MELO;RUA JOÃO BORGES DE SOUSA, 277;MORADA DO SOL;365
98;313;UNIDADE ESCOLAR MONSENHOR RAIMUNDO NONATO MELO;RUA JOÃO BORGES DE SOUSA, 277;MORADA DO SOL;366
98;358;UNIDADE ESCOLAR MONSENHOR RAIMUNDO NONATO MELO;RUA JOÃO BORGES DE SOUSA, 277;MORADA DO SOL;365
98;18;UNIDADE ESCOLAR RAIMUNDO PORTELA;RUA WILSON SOARES, S/N PRÓXIMO AO RIVER ATLÉTICO CLUBE;SÃO CRISTOVÃO;369
98;19;UNIDADE ESCOLAR RAIMUNDO PORTELA;RUA WILSON SOARES, S/N PRÓXIMO AO RIVER ATLÉTICO CLUBE;SÃO CRISTOVÃO;368
98;20;UNIDADE ESCOLAR RAIMUNDO PORTELA;RUA WILSON SOARES, S/N PRÓXIMO AO RIVER ATLÉTICO CLUBE;SÃO CRISTOVÃO;368
98;21;UNIDADE ESCOLAR RAIMUNDO PORTELA;RUA WILSON SOARES, S/N PRÓXIMO AO RIVER ATLÉTICO CLUBE;SÃO CRISTOVÃO;368
98;259;UNIDADE ESCOLAR RAIMUNDO PORTELA;RUA WILSON SOARES, S/N PRÓXIMO AO RIVER ATLÉTICO CLUBE;SÃO CRISTOVÃO;369
98;321;UNIDADE ESCOLAR RAIMUNDO PORTELA;RUA WILSON SOARES, S/N PRÓXIMO AO RIVER ATLÉTICO CLUBE;SÃO CRISTOVÃO;368
